feature_0,feature_1,feature_2,feature_3,feature_4,feature_5,feature_6,feature_7,feature_8,feature_9,feature_10,feature_11,feature_12,feature_13,feature_14,feature_15,feature_16,feature_17,feature_18,feature_19,feature_20,feature_21,feature_22,feature_23,feature_24,feature_25,feature_26,feature_27,feature_28,feature_29,feature_30,feature_31,feature_32,feature_33,feature_34,feature_35,feature_36,feature_37,feature_38,feature_39,feature_40,feature_41,feature_42,feature_43,feature_44,feature_45,feature_46,feature_47,feature_48,feature_49,feature_50,feature_51,feature_52,feature_53,feature_54,feature_55,feature_56,feature_57,feature_58,feature_59,feature_60,feature_61,feature_62,feature_63,feature_64,feature_65,feature_66,feature_67,feature_68,feature_69,feature_70,feature_71,feature_72,feature_73,feature_74,feature_75,feature_76,feature_77,feature_78,feature_79,feature_80,feature_81,feature_82,feature_83,feature_84,feature_85,feature_86,feature_87,feature_88,feature_89,feature_90,feature_91,feature_92,feature_93,feature_94,feature_95,feature_96,feature_97,feature_98,feature_99,feature_100,feature_101,feature_102,feature_103,feature_104,feature_105,feature_106,feature_107,feature_108,feature_109,feature_110,feature_111,feature_112,feature_113,feature_114,feature_115
0,0,0,0,0.0,213.39372822299651,-0.07653910149750416,0.0,0.0,0.0,0.0,0.0,0.0,0.0,0.0,0.0,0.0,0.0,0.0,0.0,0.13333333333333333,0.0,0.0,0.0,0.0,0.0,0.0,0.0,-1.2014925373134329,-0.5125,-0.7741935483870968,10.833333333333334,6.333333333333334,4.0,0.0,0.0,1.8333333333333335,0.11764705882352941,False,True,False,False,False,False,False,False,False,False,False,False,False,False,False,False,False,False,False,False,False,False,True,False,False,False,False,False,False,False,False,False,False,False,False,False,False,False,False,False,False,False,False,False,False,False,False,False,False,False,False,False,False,False,False,False,False,False,False,False,False,False,False,False,False,False,False,False,False,False,False,False,False,False,False,False,True,False
0,1,0,0,0.0,0.5365853658536586,0.20632279534109818,0.0,0.0,0.0,0.0,0.0,0.0,0.0,0.0,0.0,0.0,0.0,0.0,0.12295081967213115,1.1333333333333333,0.0,0.0,0.0,0.0,0.0,0.0,0.0,-0.5597014925373134,0.3625,0.08602150537634405,-0.16666666666666669,0.33333333333333337,2.0,0.0,0.0,0.0,0.0,False,True,False,False,False,False,False,False,False,False,False,False,False,False,False,False,False,False,False,False,False,False,False,False,False,True,False,False,False,False,False,False,False,False,False,False,False,False,False,False,False,False,False,False,False,False,False,False,False,False,False,False,False,False,False,False,False,False,False,False,False,False,False,False,False,False,False,False,False,False,False,False,False,False,False,False,True,False
0,1,0,0,0.0,0.6445993031358885,2.6039933444259566,0.0,0.0,0.0,0.0,0.0,0.0,0.0,0.0,0.0,0.0,0.0,0.0,0.09016393442622951,0.8666666666666667,0.0,0.0,0.0,0.0,0.0,0.0,0.0,-1.5895522388059702,-0.25833333333333336,0.08602150537634405,-0.16666666666666669,0.6666666666666667,2.0,0.0,0.0,0.0,0.0,False,True,False,False,False,False,False,False,False,False,False,False,False,False,False,False,False,False,False,False,False,False,False,False,False,True,False,False,False,False,False,False,False,False,False,False,False,False,False,False,False,False,False,False,False,False,False,False,False,False,False,False,False,False,False,False,False,False,False,False,False,False,False,False,False,False,False,False,False,False,False,False,False,False,False,False,True,False
0,1,0,0,0.0,0.6550522648083623,25.139767054908486,0.0,0.0,0.0,0.0,0.0,0.0,0.0,0.0,0.0,0.0,0.0,0.0,-0.05737704918032787,0.06666666666666667,0.0,0.0,0.0,0.0,0.0,0.0,0.29,-1.8805970149253732,0.3625,0.08602150537634405,-0.16666666666666669,11.000000000000002,7.000000000000001,0.0,0.0,0.0,0.0,False,True,False,False,False,False,False,False,False,False,False,False,False,False,False,False,False,False,False,False,False,False,False,False,False,True,False,False,False,False,False,False,False,False,False,False,False,False,False,False,False,False,False,False,False,False,False,False,False,False,False,False,False,False,False,False,False,False,False,False,False,False,False,False,False,False,False,False,False,False,False,False,False,False,False,False,True,False
0,0,0,0,0.0,-0.11846689895470383,-0.07653910149750416,0.0,0.0,0.0,0.0,0.0,0.0,0.0,0.0,0.0,0.0,0.0,0.0,-0.05737704918032787,3.933333333333333,0.0,0.0,0.0,0.0,0.0,0.0,1.0,-1.8805970149253732,-0.4625,0.08602150537634405,-0.16666666666666669,33.333333333333336,28.000000000000004,0.0,0.0,0.0,0.0,True,False,False,False,False,False,False,False,False,False,False,False,False,False,False,False,True,False,False,False,False,False,False,False,False,False,False,False,False,False,False,False,False,False,False,False,False,False,False,False,False,False,False,False,False,False,False,False,False,False,False,False,False,False,False,False,False,False,False,False,False,False,False,False,False,False,False,False,False,False,False,False,False,False,False,False,True,False
0,0,0,0,0.0,0.17770034843205576,0.16638935108153077,0.0,0.0,0.0,0.0,0.0,0.0,0.0,0.0,0.0,0.0,0.0,0.0,-0.05737704918032787,-0.3333333333333333,0.0,0.0,0.0,0.0,0.0,0.0,0.0,-1.1567164179104477,-0.2875,0.07526881720430102,0.16666666666666669,0.33333333333333337,0.0,0.0,0.0,0.0,0.0,False,False,True,False,False,False,False,False,False,False,False,False,False,False,False,False,False,False,False,False,False,False,False,False,False,False,False,False,False,False,False,False,False,False,False,False,False,False,False,False,False,False,False,False,False,False,False,False,True,False,False,False,False,False,False,False,False,False,False,False,False,False,False,False,False,False,False,False,False,False,False,False,False,False,False,False,True,False
0,1,0,0,0.0,0.7177700348432056,53.196339434276204,0.0,0.0,0.0,0.0,0.0,0.0,0.0,0.0,0.0,0.0,0.0,0.0,-0.05737704918032787,-0.3333333333333333,0.0,0.0,0.0,0.0,0.0,0.0,0.0,-1.544776119402985,0.3625,0.08602150537634405,-0.16666666666666669,0.6666666666666667,2.0,0.0,0.0,0.0,0.0,False,True,False,False,False,False,False,False,False,False,False,False,False,False,False,False,False,False,False,False,False,False,False,False,False,True,False,False,False,False,False,False,False,False,False,False,False,False,False,False,False,False,False,False,False,False,False,False,False,False,False,False,False,False,False,False,False,False,False,False,False,False,False,False,False,False,False,False,False,False,False,False,False,False,False,False,True,False
0,0,0,0,0.0,-0.18815331010452963,-0.07653910149750416,0.0,0.0,0.0,0.0,0.0,0.0,0.0,0.0,0.0,0.0,0.0,0.0,-0.05737704918032787,-0.3333333333333333,1.0,1.0,0.0,0.0,0.0,0.0,0.0,0.0,-0.3375,-0.6236559139784947,0.0,0.33333333333333337,0.0,1.0,1.0,0.0,0.0,False,True,False,False,False,False,False,False,False,False,False,False,False,False,False,False,False,False,False,False,False,False,False,False,False,False,False,False,False,False,False,False,False,False,False,False,False,False,False,False,False,False,False,False,False,False,True,False,False,False,False,False,False,False,False,False,False,False,False,False,False,False,False,False,False,False,False,False,False,False,False,False,True,False,False,False,False,False
0,0,0,0,0.0,-0.0627177700348432,-0.07653910149750416,0.0,0.0,0.0,0.0,0.0,0.0,0.0,0.0,0.0,0.0,0.0,0.0,0.01639344262295082,0.3333333333333333,0.0,0.0,0.0,0.0,0.0,0.0,0.18,-1.537313432835821,-0.49583333333333335,0.08602150537634405,-0.16666666666666669,33.333333333333336,0.0,0.0,0.0,0.0,0.0,False,False,True,False,False,False,False,False,False,False,False,False,False,False,True,False,False,False,False,False,False,False,False,False,False,False,False,False,False,False,False,False,False,False,False,False,False,False,False,False,False,False,False,False,False,False,False,False,False,False,False,False,False,False,False,False,False,False,False,False,False,False,False,False,False,False,False,False,False,False,False,False,False,False,False,False,True,False
0,1,0,0,0.0,1.0348432055749128,1.086522462562396,0.0,0.0,0.0,0.0,0.0,0.0,0.0,0.0,0.0,0.0,0.0,0.0,0.22950819672131148,2.0,0.0,0.0,0.0,0.0,0.0,0.0,0.0,0.0,0.3625,0.08602150537634405,-0.16666666666666669,0.33333333333333337,0.0,0.0,0.0,0.0,0.0,False,True,False,False,False,False,False,False,False,False,False,False,False,False,False,False,False,False,False,False,False,False,False,False,False,True,False,False,False,False,False,False,False,False,False,False,False,False,False,False,False,False,False,False,False,False,False,False,False,False,False,False,False,False,False,False,False,False,False,False,False,False,False,False,False,False,False,False,False,False,False,False,False,False,False,False,True,False
0,0,0,0,0.0,-0.03484320557491289,-0.0033277870216306157,0.0,0.0,0.0,0.0,0.0,0.0,0.0,0.0,0.0,0.0,0.0,0.0,0.47540983606557374,9.333333333333334,0.0,0.0,0.0,0.0,0.0,0.0,0.01,0.0,0.30833333333333335,0.03225806451612894,0.0,0.33333333333333337,0.0,0.0,0.0,0.0,0.0,False,False,True,False,False,False,False,False,False,False,False,False,False,False,True,False,False,False,False,False,False,False,False,False,False,False,False,False,False,False,False,False,False,False,False,False,False,False,False,False,False,False,False,False,False,False,False,False,False,False,False,False,False,False,False,False,False,False,False,False,False,False,False,False,False,False,False,False,False,False,False,False,False,False,False,False,True,False
0,1,0,0,0.0,0.8989547038327527,3.011647254575707,0.0,0.0,0.0,0.0,0.0,0.0,0.0,0.0,0.0,0.0,0.0,0.0,-0.05737704918032787,0.2,0.0,0.0,0.0,0.0,0.0,0.0,0.33,-1.8955223880597014,0.35833333333333334,0.08602150537634405,-0.16666666666666669,33.333333333333336,6.0,0.0,0.0,0.0,0.0,False,True,False,False,False,False,False,False,False,False,False,False,False,False,False,False,False,False,False,False,False,False,False,False,False,True,False,False,False,False,False,False,False,False,False,False,False,False,False,False,False,False,False,False,False,False,False,False,False,False,False,False,False,False,False,False,False,False,False,False,False,False,False,False,False,False,False,False,False,False,False,False,False,False,False,False,True,False
0,0,0,0,0.0,-0.18466898954703834,-0.07653910149750416,0.0,0.0,0.0,0.0,0.0,0.0,0.0,0.0,0.0,0.0,0.0,0.0,0.3524590163934426,0.0,0.0,0.0,0.0,0.0,-1.1733333333333333,10.5,0.0,0.0,-0.6625,-0.946236559139785,15.000000000000002,9.000000000000002,0.0,0.11,0.0,1.6944444444444444,0.0,False,False,True,False,False,False,False,False,False,False,False,False,False,False,False,False,False,False,False,False,False,False,False,False,False,False,False,False,False,False,False,False,False,False,False,False,False,False,False,False,False,False,False,False,False,False,False,False,True,False,False,False,False,False,False,False,False,False,False,False,False,False,False,False,False,False,False,False,False,False,False,False,False,False,False,False,True,False
0,1,0,1,27.0,1.0662020905923344,1.8735440931780365,0.0,0.0,7.0,0.0,0.0,0.0,0.0,0.0,0.0,0.0,0.0,0.0,-0.05737704918032787,-0.3333333333333333,0.0,0.0,0.0,0.0,0.0,0.0,0.0,0.0,-0.32916666666666666,-0.6129032258064517,0.16666666666666669,0.0,0.0,0.0,0.0,0.02777777777777778,0.0,False,True,False,False,False,False,False,False,False,False,False,False,False,False,False,False,False,False,False,False,False,True,False,False,False,False,False,False,False,False,False,False,False,False,False,False,False,False,False,False,False,False,False,False,False,False,False,False,False,False,False,False,False,False,False,False,False,False,False,False,False,False,False,False,False,False,False,False,False,False,False,False,False,False,False,False,True,False
0,1,0,0,0.0,0.49477351916376305,2.956738768718802,0.0,0.0,0.0,0.0,0.0,0.0,0.0,0.0,0.0,0.0,0.0,0.0,0.07377049180327869,0.7333333333333333,0.0,0.0,0.0,0.0,0.0,0.0,0.0,0.0,0.3625,0.08602150537634405,-0.16666666666666669,0.0,0.0,0.0,0.0,0.0,0.0,False,True,False,False,False,False,False,False,False,False,False,False,False,False,False,False,False,False,False,False,False,False,False,False,False,True,False,False,False,False,False,False,False,False,False,False,False,False,False,False,False,False,False,False,False,False,False,False,False,False,False,False,False,False,False,False,False,False,False,False,False,False,False,False,False,False,False,False,False,False,False,False,False,False,False,False,True,False
0,1,0,0,0.0,0.7630662020905923,30.450915141430947,0.0,0.0,0.0,0.0,0.0,0.0,0.0,0.0,0.0,0.0,0.0,0.0,-0.01639344262295082,0.2,0.0,0.0,0.0,0.0,0.0,0.0,0.22,-1.5895522388059702,0.3625,0.08602150537634405,-0.16666666666666669,0.6666666666666667,4.0,0.0,0.0,0.0,0.0,False,True,False,False,False,False,False,False,False,False,False,False,False,False,False,False,False,False,False,False,False,False,False,False,False,True,False,False,False,False,False,False,False,False,False,False,False,False,False,False,False,False,False,False,False,False,False,False,False,False,False,False,False,False,False,False,False,False,False,False,False,False,False,False,False,False,False,False,False,False,False,False,False,False,False,False,True,False
0,0,0,0,0.0,-0.03484320557491289,-0.0033277870216306157,0.0,0.0,0.0,0.0,0.0,0.0,0.0,0.0,0.0,0.0,0.0,0.0,1.0737704918032787,8.866666666666667,0.0,0.0,0.0,0.0,0.0,0.0,0.0,0.0,0.35833333333333334,0.08602150537634405,0.0,0.0,0.0,0.0,0.0,0.0,0.0,False,False,True,False,False,False,False,False,False,False,False,False,False,False,True,False,False,False,False,False,False,False,False,False,False,False,False,False,False,False,False,False,False,False,False,False,False,False,False,False,False,False,False,False,False,False,False,False,False,False,False,False,False,False,False,False,False,False,False,False,False,False,False,False,False,False,False,False,False,False,False,False,False,False,False,False,True,False
0,1,0,0,0.0,0.6236933797909407,3.64891846921797,0.0,0.0,0.0,0.0,0.0,0.0,0.0,0.0,0.0,0.0,0.0,0.0,-0.040983606557377046,-0.2,0.0,0.0,0.0,0.0,0.0,0.0,0.0,0.0,0.12083333333333333,-0.16129032258064518,0.16666666666666669,0.0,0.0,0.0,0.0,0.0,0.0,False,True,False,False,False,False,False,False,False,False,False,False,False,False,False,False,False,False,False,False,False,False,False,False,False,True,False,False,False,False,False,False,False,False,False,False,False,False,False,False,False,False,False,False,False,False,False,False,False,False,False,False,False,False,False,False,False,False,False,False,False,False,False,False,False,False,False,False,False,False,False,False,False,False,False,False,True,False
0,0,0,0,0.0,0.0,0.013311148086522463,0.0,0.0,0.0,0.0,0.0,0.0,0.0,0.0,0.0,0.0,0.0,0.0,4.122950819672131,33.666666666666664,0.0,0.0,0.0,0.0,0.0,0.0,0.0,0.0,0.3625,0.08602150537634405,-0.16666666666666669,28.333333333333332,0.0,0.0,0.0,0.0,0.0,False,False,True,False,False,False,False,False,False,False,False,False,False,False,False,False,False,False,False,False,False,False,False,False,False,False,False,False,False,False,False,False,False,False,False,False,False,False,False,False,False,False,False,False,False,False,False,False,True,False,False,False,False,False,False,False,False,False,False,False,False,False,False,False,False,False,False,False,False,False,False,False,False,False,False,False,True,False
0,1,0,0,0.0,0.975609756097561,92.13144758735442,0.0,0.0,0.0,0.0,0.0,0.0,0.0,0.0,0.0,0.0,0.0,0.0,-0.05737704918032787,-0.3333333333333333,0.0,0.0,0.0,0.0,0.0,0.0,0.0,-1.2313432835820894,0.3625,0.08602150537634405,-0.16666666666666669,0.33333333333333337,2.0,0.0,0.0,0.0,0.0,False,True,False,False,False,False,False,False,False,False,False,False,False,False,False,False,False,False,False,False,False,False,False,False,False,True,False,False,False,False,False,False,False,False,False,False,False,False,False,False,False,False,False,False,False,False,False,False,False,False,False,False,False,False,False,False,False,False,False,False,False,False,False,False,False,False,False,False,False,False,False,False,False,False,False,False,True,False
0,1,0,0,0.0,0.926829268292683,0.37271214642262895,0.0,0.0,0.0,0.0,0.0,0.0,0.0,0.0,0.0,0.0,0.0,0.0,0.00819672131147541,0.3333333333333333,0.0,0.0,0.0,0.0,0.0,0.0,0.27,0.0,-0.07083333333333333,-0.35483870967741943,5.333333333333334,0.0,0.0,0.01,0.0,1.0555555555555556,0.058823529411764705,False,True,False,False,False,False,False,False,False,False,False,False,False,False,False,False,False,False,False,False,False,False,False,False,False,True,False,False,False,False,False,False,False,False,False,False,False,False,False,False,False,False,False,False,False,False,False,False,False,False,False,False,False,False,False,False,False,False,False,False,False,False,False,False,False,False,False,False,False,False,False,False,False,False,False,False,True,False
0,1,0,0,0.0,0.7979094076655052,18.928452579034943,0.0,0.0,0.0,0.0,0.0,0.0,0.0,0.0,0.0,0.0,0.0,0.0,0.00819672131147541,0.2,0.0,0.0,0.0,0.0,0.0,0.0,0.0,-1.6492537313432836,0.3625,0.08602150537634405,-0.16666666666666669,1.0,2.0,0.03,0.0,0.0,0.0,False,True,False,False,False,False,False,False,False,False,False,False,False,False,False,False,False,False,False,False,False,False,False,False,False,True,False,False,False,False,False,False,False,False,False,False,False,False,False,False,False,False,False,False,False,False,False,False,False,False,False,False,False,False,False,False,False,False,False,False,False,False,False,False,False,False,False,False,False,False,False,False,False,False,False,False,True,False
0,1,0,0,0.0,0.5156794425087108,2.119800332778702,0.0,0.0,0.0,0.0,0.0,0.0,0.0,0.0,0.0,0.0,0.0,0.0,0.23770491803278687,2.066666666666667,0.0,0.0,0.0,0.0,0.0,0.0,0.0,-1.5298507462686568,0.3625,0.08602150537634405,-0.16666666666666669,0.6666666666666667,4.0,0.0,0.0,0.0,0.0,False,True,False,False,False,False,False,False,False,False,False,False,False,False,False,False,False,False,False,False,False,False,False,False,False,True,False,False,False,False,False,False,False,False,False,False,False,False,False,False,False,False,False,False,False,False,False,False,False,False,False,False,False,False,False,False,False,False,False,False,False,False,False,False,False,False,False,False,False,False,False,False,False,False,False,False,True,False
0,1,0,0,0.0,0.5400696864111498,4.627287853577371,0.0,0.0,0.0,0.0,0.0,0.0,0.0,0.0,0.0,0.0,0.0,0.0,0.16393442622950818,1.6,0.0,0.0,0.0,0.0,0.0,0.0,0.1,-1.335820895522388,0.3625,0.08602150537634405,-0.16666666666666669,0.33333333333333337,2.0,0.0,0.0,0.0,0.0,False,True,False,False,False,False,False,False,False,False,False,False,False,False,False,False,False,False,False,False,False,False,False,False,False,True,False,False,False,False,False,False,False,False,False,False,False,False,False,False,False,False,False,False,False,False,False,False,False,False,False,False,False,False,False,False,False,False,False,False,False,False,False,False,False,False,False,False,False,False,False,False,False,False,False,False,True,False
0,1,0,0,0.0,0.6411149825783972,1.221297836938436,0.0,0.0,0.0,0.0,0.0,0.0,0.0,0.0,0.0,0.0,0.0,0.0,0.08196721311475409,0.8666666666666667,0.0,0.0,0.0,0.0,0.0,0.0,0.11,-1.7686567164179106,-0.2916666666666667,0.08602150537634405,-0.16666666666666669,2.0,7.000000000000001,0.0,0.0,0.0,0.0,False,True,False,False,False,False,False,False,False,False,False,False,False,False,False,False,False,False,False,False,False,False,False,False,False,True,False,False,False,False,False,False,False,False,False,False,False,False,False,False,False,False,False,False,False,False,False,False,False,False,False,False,False,False,False,False,False,False,False,False,False,False,False,False,False,False,False,False,False,False,False,False,False,False,False,False,True,False
0,1,0,0,0.0,0.5261324041811847,0.34775374376039936,0.0,0.0,0.0,0.0,0.0,0.0,0.0,0.0,0.0,0.0,0.0,0.0,0.03278688524590164,0.6666666666666666,0.0,0.0,0.0,0.0,0.0,0.0,0.19,0.0,0.3625,0.08602150537634405,-0.16666666666666669,0.0,0.0,0.0,0.0,0.0,0.0,False,True,False,False,False,False,False,False,False,False,False,False,False,False,False,False,False,False,False,False,False,False,False,False,False,True,False,False,False,False,False,False,False,False,False,False,False,False,False,False,False,False,False,False,False,False,False,False,False,False,False,False,False,False,False,False,False,False,False,False,False,False,False,False,False,False,False,False,False,False,False,False,False,False,False,False,True,False
0,1,0,0,0.0,0.7665505226480837,19.094841930116473,0.0,0.0,0.0,0.0,0.0,0.0,0.0,0.0,0.0,0.0,0.0,0.0,-0.05737704918032787,-0.26666666666666666,0.0,0.0,0.0,0.0,0.0,0.0,1.0,-1.8955223880597014,0.3625,0.08602150537634405,-0.16666666666666669,33.333333333333336,3.0,0.0,0.0,0.0,0.0,False,True,False,False,False,False,False,False,False,False,False,False,False,False,False,False,False,False,False,False,False,False,False,False,False,True,False,False,False,False,False,False,False,False,False,False,False,False,False,False,False,False,False,False,False,False,False,False,False,False,False,False,False,False,False,False,False,False,False,False,False,False,False,False,False,False,False,False,False,False,False,False,False,False,False,False,True,False
0,0,0,0,0.0,0.4808362369337979,-0.07653910149750416,0.0,0.0,0.0,0.0,0.0,0.0,0.0,0.0,0.0,0.0,0.0,0.0,-0.04918032786885246,-0.26666666666666666,0.0,0.0,0.0,0.0,0.0,0.0,0.0,-1.208955223880597,-0.4875,-0.89247311827957,0.5,3.0,4.0,0.0,0.0,0.02777777777777778,0.0,False,True,False,False,False,False,False,False,False,False,False,False,False,False,False,False,False,False,False,False,False,False,True,False,False,False,False,False,False,False,False,False,False,False,False,False,False,False,False,False,False,False,False,False,False,False,False,False,False,False,False,False,False,False,False,False,False,False,False,False,False,False,False,False,False,False,False,False,False,False,False,False,False,False,False,False,True,False
0,1,0,0,0.0,0.5888501742160279,2.114808652246256,0.0,0.0,0.0,0.0,0.0,0.0,0.0,0.0,0.0,0.0,0.0,0.0,0.09016393442622951,0.8666666666666667,0.0,0.0,0.0,0.0,0.0,0.0,0.0,-0.5149253731343284,0.3625,0.08602150537634405,-0.16666666666666669,0.33333333333333337,1.0,0.0,0.0,0.0,0.0,False,True,False,False,False,False,False,False,False,False,False,False,False,False,False,False,False,False,False,False,False,False,False,False,False,True,False,False,False,False,False,False,False,False,False,False,False,False,False,False,False,False,False,False,False,False,False,False,False,False,False,False,False,False,False,False,False,False,False,False,False,False,False,False,False,False,False,False,False,False,False,False,False,False,False,False,True,False
0,1,0,0,0.0,0.9965156794425087,0.39434276206322794,0.0,0.0,0.0,0.0,0.0,0.0,0.0,0.0,0.0,0.0,0.0,0.0,-0.02459016393442623,-0.06666666666666667,0.0,0.0,0.0,0.0,0.0,0.0,0.0,0.0,0.26666666666666666,-0.01075268817204302,0.0,0.0,0.0,0.0,0.0,0.0,0.0,False,True,False,False,False,False,False,False,False,False,False,False,False,False,False,False,False,False,False,False,False,False,False,False,False,True,False,False,False,False,False,False,False,False,False,False,False,False,False,False,False,False,False,False,False,False,False,False,False,False,False,False,False,False,False,False,False,False,False,False,False,False,False,False,False,False,False,False,False,False,False,False,False,False,False,False,True,False
0,1,0,0,0.0,1.0069686411149825,1.923460898502496,0.0,0.0,0.0,0.0,0.0,0.0,0.0,0.0,0.0,0.0,0.0,0.0,-0.05737704918032787,-0.3333333333333333,0.0,0.0,0.0,0.0,0.0,0.0,0.0,-0.44029850746268656,0.3625,0.08602150537634405,-0.16666666666666669,0.33333333333333337,1.0,0.0,0.0,0.0,0.0,False,True,False,False,False,False,False,False,False,False,False,False,False,False,False,False,False,False,False,False,False,False,False,False,False,True,False,False,False,False,False,False,False,False,False,False,False,False,False,False,False,False,False,False,False,False,False,False,False,False,False,False,False,False,False,False,False,False,False,False,False,False,False,False,False,False,False,False,False,False,False,False,False,False,False,False,True,False
0,0,0,0,0.0,0.4738675958188153,-0.07653910149750416,0.0,0.0,0.0,0.0,0.0,0.0,0.0,0.0,0.0,0.0,0.0,0.0,-0.04918032786885246,-0.26666666666666666,0.0,0.0,0.0,0.0,0.0,0.0,0.0,-1.5820895522388059,-0.6458333333333334,-0.6666666666666669,1.3333333333333335,10.0,0.0,0.0,0.0,0.1388888888888889,0.0,False,True,False,False,False,False,False,False,False,False,False,False,False,False,False,False,False,False,False,False,False,False,True,False,False,False,False,False,False,False,False,False,False,False,False,False,False,False,False,False,False,False,False,False,False,False,False,False,False,False,False,False,False,False,False,False,False,False,False,False,False,False,False,False,False,False,False,False,False,False,False,False,False,False,False,False,True,False
0,1,0,0,0.0,0.8118466898954704,0.9101497504159733,0.0,0.0,0.0,0.0,0.0,0.0,0.0,0.0,0.0,0.0,0.0,0.0,-0.05737704918032787,1.2666666666666666,0.0,0.0,0.0,0.0,0.0,0.0,0.16,-1.8582089552238805,0.3625,0.08602150537634405,-0.16666666666666669,5.666666666666667,3.0,0.0,0.0,0.0,0.0,False,True,False,False,False,False,False,False,False,False,False,False,False,False,False,False,False,False,False,False,False,False,False,False,False,True,False,False,False,False,False,False,False,False,False,False,False,False,False,False,False,False,False,False,False,False,False,False,False,False,False,False,False,False,False,False,False,False,False,False,False,False,False,False,False,False,False,False,False,False,False,False,False,False,False,False,True,False
0,0,0,0,0.0,-0.0313588850174216,-0.0033277870216306157,0.0,0.0,0.0,0.0,0.0,0.0,0.0,0.0,0.0,0.0,0.0,0.0,4.073770491803279,33.266666666666666,0.0,0.0,0.0,0.0,0.0,0.0,0.0,0.0,0.3625,0.08602150537634405,-0.16666666666666669,33.333333333333336,0.0,0.0,0.0,0.0,0.0,False,False,True,False,False,False,False,False,False,False,False,False,False,False,False,False,False,False,False,False,False,False,False,False,False,False,False,False,False,False,False,False,False,False,False,False,False,False,False,False,False,False,False,False,False,False,False,False,True,False,False,False,False,False,False,False,False,False,False,False,False,False,False,False,False,False,False,False,False,False,False,False,False,False,False,False,True,False
0,1,0,0,0.0,0.8048780487804879,44.42595673876872,0.0,0.0,0.0,0.0,0.0,0.0,0.0,0.0,0.0,0.0,0.0,0.0,-0.04918032786885246,-0.2,0.0,0.0,0.0,0.0,0.0,0.0,0.67,-1.4029850746268657,0.3625,0.08602150537634405,-0.16666666666666669,0.33333333333333337,4.0,0.01,0.0,0.0,0.0,False,True,False,False,False,False,False,False,False,False,False,False,False,False,False,False,False,False,False,False,False,False,False,False,False,True,False,False,False,False,False,False,False,False,False,False,False,False,False,False,False,False,False,False,False,False,False,False,False,False,False,False,False,False,False,False,False,False,False,False,False,False,False,False,False,False,False,False,False,False,False,False,False,False,False,False,True,False
0,1,0,0,0.0,17.48432055749129,0.46755407653910147,0.0,0.0,0.0,0.0,0.0,0.0,0.0,0.0,0.0,0.0,0.0,0.0,-0.05737704918032787,-0.3333333333333333,0.0,0.0,0.0,0.0,0.0,0.0,0.0,-0.21641791044776118,-0.25833333333333336,-0.4838709677419356,0.5,0.0,0.0,0.0,0.0,0.0,0.0,False,True,False,False,False,False,False,False,False,False,False,False,False,False,False,False,False,False,False,False,False,False,False,False,False,False,False,False,False,False,False,False,False,False,False,False,False,False,False,False,False,False,False,False,False,False,False,False,False,False,False,False,True,False,False,False,False,False,False,False,False,False,False,False,False,False,False,False,False,False,False,False,False,False,False,False,True,False
0,1,0,0,0.0,0.9477351916376306,10.800332778702163,0.0,0.0,0.0,0.0,0.0,0.0,0.0,0.0,0.0,0.0,0.0,0.0,0.03278688524590164,0.4,0.0,0.0,0.0,0.0,0.0,0.0,0.0,-1.4179104477611941,0.3625,0.08602150537634405,-0.16666666666666669,0.6666666666666667,5.0,0.0,0.0,0.0,0.0,False,True,False,False,False,False,False,False,False,False,False,False,False,False,False,False,False,False,False,False,False,False,False,False,False,True,False,False,False,False,False,False,False,False,False,False,False,False,False,False,False,False,False,False,False,False,False,False,False,False,False,False,False,False,False,False,False,False,False,False,False,False,False,False,False,False,False,False,False,False,False,False,False,False,False,False,True,False
0,1,0,0,0.0,0.9965156794425087,0.33444259567387685,0.0,0.0,0.0,0.0,0.0,0.0,0.0,0.0,0.0,0.0,0.0,0.0,-0.05737704918032787,0.2,0.0,0.0,0.0,0.0,0.0,0.0,0.33,-1.7611940298507462,0.3625,0.08602150537634405,-0.16666666666666669,1.6666666666666667,4.0,0.0,0.01,0.0,0.0,False,True,False,False,False,False,False,False,False,False,False,False,False,False,False,False,False,False,False,False,False,False,False,False,False,True,False,False,False,False,False,False,False,False,False,False,False,False,False,False,False,False,False,False,False,False,False,False,False,False,False,False,False,False,False,False,False,False,False,False,False,False,False,False,False,False,False,False,False,False,False,False,False,False,False,False,True,False
0,1,0,0,0.0,0.8327526132404182,1.2063227953410982,0.0,0.0,0.0,0.0,0.0,0.0,0.0,0.0,0.0,0.0,0.0,0.0,0.01639344262295082,1.9333333333333333,0.0,0.0,0.0,0.0,0.0,0.0,0.14,0.0,0.3625,0.08602150537634405,-0.16666666666666669,0.0,0.0,0.0,0.0,0.0,0.0,False,True,False,False,False,False,False,False,False,False,False,False,False,False,False,False,False,False,False,False,False,False,False,False,False,True,False,False,False,False,False,False,False,False,False,False,False,False,False,False,False,False,False,False,False,False,False,False,False,False,False,False,False,False,False,False,False,False,False,False,False,False,False,False,False,False,False,False,False,False,False,False,False,False,False,False,True,False
0,1,0,0,0.0,0.5818815331010453,2.708818635607321,0.0,0.0,0.0,0.0,0.0,0.0,0.0,0.0,0.0,0.0,0.0,0.0,0.03278688524590164,2.066666666666667,0.0,0.0,0.0,0.0,0.0,0.0,0.08,0.0,0.3625,0.08602150537634405,-0.16666666666666669,0.0,0.0,0.0,0.0,0.0,0.0,False,True,False,False,False,False,False,False,False,False,False,False,False,False,False,False,False,False,False,False,False,False,False,False,False,True,False,False,False,False,False,False,False,False,False,False,False,False,False,False,False,False,False,False,False,False,False,False,False,False,False,False,False,False,False,False,False,False,False,False,False,False,False,False,False,False,False,False,False,False,False,False,False,False,False,False,True,False
0,1,0,0,0.0,0.5296167247386759,18.983361064891845,0.0,0.0,0.0,0.0,0.0,0.0,0.0,0.0,0.0,0.0,0.0,0.0,-0.00819672131147541,0.13333333333333333,0.0,0.0,0.0,0.0,0.0,0.0,0.25,-1.3134328358208955,0.3625,0.08602150537634405,-0.16666666666666669,0.33333333333333337,2.0,0.0,0.0,0.0,0.0,False,True,False,False,False,False,False,False,False,False,False,False,False,False,False,False,False,False,False,False,False,False,False,False,False,True,False,False,False,False,False,False,False,False,False,False,False,False,False,False,False,False,False,False,False,False,False,False,False,False,False,False,False,False,False,False,False,False,False,False,False,False,False,False,False,False,False,False,False,False,False,False,False,False,False,False,True,False
0,0,0,0,0.0,-0.041811846689895474,-0.0066555740432612314,0.0,0.0,0.0,0.0,0.0,0.0,0.0,0.0,0.0,0.0,0.0,0.0,-0.03278688524590164,-0.06666666666666667,0.0,0.0,0.0,0.0,0.0,0.0,0.4,0.0,0.35,0.07526881720430102,0.0,0.0,0.0,0.0,0.0,0.0,0.0,False,False,True,False,False,False,False,False,False,False,False,False,False,False,True,False,False,False,False,False,False,False,False,False,False,False,False,False,False,False,False,False,False,False,False,False,False,False,False,False,False,False,False,False,False,False,False,False,False,False,False,False,False,False,False,False,False,False,False,False,False,False,False,False,False,False,False,False,False,False,False,False,False,False,False,False,True,False
0,0,0,0,0.0,-0.027874564459930314,0.0,0.0,0.0,0.0,0.0,0.0,0.0,0.0,0.0,0.0,0.0,0.0,0.0,0.9754098360655737,12.933333333333334,0.0,0.0,0.0,0.0,-0.013333333333333345,0.33333333333333337,0.01,0.0,0.35833333333333334,0.08602150537634405,0.0,0.33333333333333337,0.0,0.0,0.0,0.0,0.0,False,False,True,False,False,False,False,False,False,False,False,False,False,False,True,False,False,False,False,False,False,False,False,False,False,False,False,False,False,False,False,False,False,False,False,False,False,False,False,False,False,False,False,False,False,False,False,False,False,False,False,False,False,False,False,False,False,False,False,False,False,False,False,False,False,False,False,False,False,False,False,False,False,False,False,False,True,False
0,1,0,0,0.0,0.5923344947735192,0.3860232945091514,0.0,0.0,0.0,0.0,0.0,0.0,0.0,0.0,0.0,0.0,0.0,0.0,-0.040983606557377046,-0.06666666666666667,0.0,0.0,0.0,0.0,0.0,0.0,0.4,0.0,0.3625,0.08602150537634405,-0.16666666666666669,0.0,0.0,0.0,0.0,0.0,0.0,False,True,False,False,False,False,False,False,False,False,False,False,False,False,False,False,False,False,False,False,False,False,False,False,False,True,False,False,False,False,False,False,False,False,False,False,False,False,False,False,False,False,False,False,False,False,False,False,False,False,False,False,False,False,False,False,False,False,False,False,False,False,False,False,False,False,False,False,False,False,False,False,False,False,False,False,True,False
0,0,0,0,0.0,-0.03484320557491289,0.13976705490848584,0.0,0.0,0.0,0.0,0.0,0.0,0.0,0.0,0.0,0.0,0.0,0.0,0.8114754098360656,12.066666666666666,0.0,0.0,0.0,0.0,0.0,0.0,0.01,0.0,0.3625,0.08602150537634405,-0.16666666666666669,0.0,0.0,0.0,0.0,0.0,0.0,False,False,True,False,False,False,False,False,False,False,False,False,False,False,True,False,False,False,False,False,False,False,False,False,False,False,False,False,False,False,False,False,False,False,False,False,False,False,False,False,False,False,False,False,False,False,False,False,False,False,False,False,False,False,False,False,False,False,False,False,False,False,False,False,False,False,False,False,False,False,False,False,False,False,False,False,True,False
0,1,0,0,0.0,0.7177700348432056,15.782029950083194,0.0,0.0,0.0,0.0,0.0,0.0,0.0,0.0,0.0,0.0,0.0,0.0,-0.05737704918032787,-0.2,0.0,0.0,0.0,0.0,0.0,0.0,0.67,-1.0149253731343284,0.32916666666666666,0.08602150537634405,-0.16666666666666669,0.33333333333333337,2.0,0.0,0.0,0.0,0.0,False,True,False,False,False,False,False,False,False,False,False,False,False,False,False,False,False,False,False,False,False,False,False,False,False,True,False,False,False,False,False,False,False,False,False,False,False,False,False,False,False,False,False,False,False,False,False,False,False,False,False,False,False,False,False,False,False,False,False,False,False,False,False,False,False,False,False,False,False,False,False,False,False,False,False,False,True,False
0,1,0,0,0.0,0.5261324041811847,0.5856905158069884,0.0,0.0,0.0,0.0,0.0,0.0,0.0,0.0,0.0,0.0,0.0,0.0,0.09836065573770492,0.9333333333333333,0.0,0.0,0.0,0.0,0.0,0.0,0.0,0.0,0.3625,0.08602150537634405,-0.16666666666666669,0.0,0.0,0.0,0.0,0.0,0.0,False,True,False,False,False,False,False,False,False,False,False,False,False,False,False,False,False,False,False,False,False,False,False,False,False,True,False,False,False,False,False,False,False,False,False,False,False,False,False,False,False,False,False,False,False,False,False,False,False,False,False,False,False,False,False,False,False,False,False,False,False,False,False,False,False,False,False,False,False,False,False,False,False,False,False,False,True,False
0,0,0,0,0.0,0.09407665505226481,-0.07653910149750416,0.0,0.0,0.0,0.0,0.0,0.0,0.0,0.0,0.0,0.0,0.0,0.0,-0.05737704918032787,-0.3333333333333333,0.0,0.0,0.0,0.0,0.0,0.0,0.0,-1.671641791044776,-0.6208333333333333,-0.956989247311828,2.0000000000000004,1.0,11.0,0.0,0.0,0.08333333333333333,0.0,False,True,False,False,False,False,False,False,False,False,False,False,False,False,False,False,False,False,False,False,False,False,True,False,False,False,False,False,False,False,False,False,False,False,False,False,False,False,False,False,False,False,False,False,False,False,False,False,False,False,False,False,False,False,False,False,False,False,False,False,False,False,False,False,False,False,False,False,False,False,False,False,False,False,False,False,True,False
0,0,0,0,0.0,-0.15331010452961671,0.39434276206322794,0.0,0.0,0.0,0.0,0.0,0.0,0.0,0.0,0.0,0.0,0.0,0.0,-0.05737704918032787,-0.3333333333333333,0.0,0.0,0.0,0.0,0.0,0.0,0.0,0.0,-0.6916666666666667,-0.9784946236559141,0.16666666666666669,0.0,0.0,0.0,0.0,2.1944444444444446,0.0,False,True,False,False,False,False,False,False,False,False,False,False,False,False,False,False,False,False,False,False,True,False,False,False,False,False,False,False,False,False,False,False,False,False,False,False,False,False,False,False,False,False,False,False,False,False,False,False,False,False,False,False,False,False,False,False,False,False,False,False,False,False,False,False,False,False,False,False,False,False,False,False,False,False,False,False,True,False
0,1,0,0,0.0,1.038327526132404,1.0965058236272878,0.0,0.0,0.0,0.0,0.0,0.0,0.0,0.0,0.0,0.0,0.0,0.0,-0.05737704918032787,-0.3333333333333333,0.0,0.0,0.0,0.0,0.0,0.0,0.0,-0.31343283582089554,0.3625,0.08602150537634405,-0.16666666666666669,0.0,2.0,0.0,0.0,0.0,0.0,False,True,False,False,False,False,False,False,False,False,False,False,False,False,False,False,False,False,False,False,False,False,False,False,False,True,False,False,False,False,False,False,False,False,False,False,False,False,False,False,False,False,False,False,False,False,False,False,False,False,False,False,False,False,False,False,False,False,False,False,False,False,False,False,False,False,False,False,False,False,False,False,False,False,False,False,True,False
0,1,0,0,0.0,0.9477351916376306,6.482529118136439,0.0,0.0,0.0,0.0,0.0,0.0,0.0,0.0,0.0,0.0,0.0,0.0,0.02459016393442623,1.8666666666666667,0.0,0.0,0.0,0.0,0.0,0.0,0.06,-1.664179104477612,0.3625,0.08602150537634405,-0.16666666666666669,1.0,5.0,0.0,0.0,0.0,0.0,False,True,False,False,False,False,False,False,False,False,False,False,False,False,False,False,False,False,False,False,False,False,False,False,False,True,False,False,False,False,False,False,False,False,False,False,False,False,False,False,False,False,False,False,False,False,False,False,False,False,False,False,False,False,False,False,False,False,False,False,False,False,False,False,False,False,False,False,False,False,False,False,False,False,False,False,True,False
0,1,0,0,2.0,4.679442508710801,0.4858569051580699,0.0,0.0,0.0,0.0,0.0,0.0,0.0,0.0,0.0,0.0,0.0,0.0,-0.05737704918032787,-0.2,0.0,0.0,0.0,0.0,0.0,0.0,1.0,-0.4626865671641791,-0.19166666666666668,-0.31182795698924737,1.1666666666666667,0.33333333333333337,0.0,0.0,0.0,0.05555555555555556,0.0,False,True,False,False,False,False,False,False,False,False,False,False,False,False,False,False,False,False,False,False,False,False,False,False,False,False,False,False,False,False,False,False,False,False,False,False,False,False,False,False,False,False,False,False,False,False,False,False,False,False,False,False,True,False,False,False,False,False,False,False,False,False,False,False,False,False,False,False,False,False,False,False,False,False,False,False,True,False
0,1,0,0,0.0,0.5435540069686411,1.2562396006655574,0.0,0.0,0.0,0.0,0.0,0.0,0.0,0.0,0.0,0.0,0.0,0.0,0.05737704918032787,0.6,0.0,0.0,0.0,0.0,0.0,0.0,0.0,-0.6119402985074627,0.3625,0.08602150537634405,-0.16666666666666669,0.33333333333333337,1.0,0.0,0.0,0.0,0.0,False,True,False,False,False,False,False,False,False,False,False,False,False,False,False,False,False,False,False,False,False,False,False,False,False,True,False,False,False,False,False,False,False,False,False,False,False,False,False,False,False,False,False,False,False,False,False,False,False,False,False,False,False,False,False,False,False,False,False,False,False,False,False,False,False,False,False,False,False,False,False,False,False,False,False,False,True,False
0,1,0,0,0.0,0.5749128919860628,9.70881863560732,0.0,0.0,0.0,0.0,0.0,0.0,0.0,0.0,0.0,0.0,0.0,0.0,-0.05737704918032787,2.8666666666666667,0.0,0.0,0.0,0.0,0.0,0.0,0.12,-1.8955223880597014,0.3625,0.08602150537634405,-0.16666666666666669,33.333333333333336,3.0,0.0,0.0,0.0,0.0,False,True,False,False,False,False,False,False,False,False,False,False,False,False,False,False,False,False,False,False,False,False,False,False,False,True,False,False,False,False,False,False,False,False,False,False,False,False,False,False,False,False,False,False,False,False,False,False,False,False,False,False,False,False,False,False,False,False,False,False,False,False,False,False,False,False,False,False,False,False,False,False,False,False,False,False,True,False
0,0,0,0,0.0,-0.006968641114982578,0.008319467554076539,0.0,0.0,0.0,0.0,0.0,0.0,0.0,0.0,0.0,0.0,0.0,0.0,4.057377049180328,33.13333333333333,0.0,0.0,0.0,0.0,0.0,0.0,0.0,0.0,0.3625,0.08602150537634405,-0.16666666666666669,27.333333333333332,0.0,0.0,0.0,0.0,0.0,False,False,True,False,False,False,False,False,False,False,False,False,False,False,False,False,False,False,False,False,False,False,False,False,False,False,False,False,False,False,False,False,False,False,False,False,False,False,False,False,False,False,False,False,False,False,False,False,True,False,False,False,False,False,False,False,False,False,False,False,False,False,False,False,False,False,False,False,False,False,False,False,False,False,False,False,True,False
0,1,0,0,0.0,0.5993031358885017,1.0066555740432612,0.0,0.0,0.0,0.0,0.0,0.0,0.0,0.0,0.0,0.0,0.0,0.0,0.09016393442622951,1.0,0.0,0.0,0.0,0.0,0.0,0.0,0.1,-0.664179104477612,0.3625,0.08602150537634405,-0.16666666666666669,0.33333333333333337,4.0,0.0,0.0,0.0,0.0,False,True,False,False,False,False,False,False,False,False,False,False,False,False,False,False,False,False,False,False,False,False,False,False,False,True,False,False,False,False,False,False,False,False,False,False,False,False,False,False,False,False,False,False,False,False,False,False,False,False,False,False,False,False,False,False,False,False,False,False,False,False,False,False,False,False,False,False,False,False,False,False,False,False,False,False,True,False
0,1,0,0,0.0,3.3728222996515678,0.56738768718802,0.0,0.0,0.0,0.0,0.0,0.0,0.0,0.0,0.0,0.0,0.0,0.0,-0.05737704918032787,-0.2,0.0,0.0,0.0,0.0,0.0,0.0,1.0,0.0,-0.5833333333333334,-0.870967741935484,11.833333333333334,0.0,0.0,0.0,0.0,2.0,0.23529411764705882,False,True,False,False,False,False,False,False,False,False,False,False,False,False,False,False,False,False,False,False,False,False,False,False,False,False,False,False,False,False,False,False,False,False,False,False,False,False,False,False,False,False,False,False,False,False,False,False,False,False,False,False,True,False,False,False,False,False,False,False,False,False,False,False,False,False,False,False,False,False,False,False,False,False,False,False,True,False
0,1,0,0,0.0,1.0696864111498259,1.8119800332778702,0.0,0.0,0.0,0.0,0.0,0.0,0.0,0.0,0.0,0.0,0.0,0.0,0.01639344262295082,0.4666666666666667,0.0,0.0,0.0,0.0,0.0,0.0,0.15,0.0,0.3625,0.08602150537634405,-0.16666666666666669,0.0,0.0,0.0,0.0,0.0,0.0,False,True,False,False,False,False,False,False,False,False,False,False,False,False,False,False,False,False,False,False,False,False,False,False,False,True,False,False,False,False,False,False,False,False,False,False,False,False,False,False,False,False,False,False,False,False,False,False,False,False,False,False,False,False,False,False,False,False,False,False,False,False,False,False,False,False,False,False,False,False,False,False,False,False,False,False,True,False
0,1,0,0,0.0,2.470383275261324,0.540765391014975,0.0,0.0,0.0,0.0,0.0,0.0,0.0,0.0,0.0,0.0,0.0,0.0,-0.05737704918032787,-0.3333333333333333,0.0,0.0,0.0,0.0,0.0,0.0,0.0,-1.2238805970149254,0.1125,-0.0537634408602151,0.5,0.33333333333333337,1.0,0.0,0.0,0.0,0.058823529411764705,False,True,False,False,False,False,False,False,False,False,False,False,False,False,False,False,False,False,False,False,False,False,False,False,False,False,False,False,False,False,False,False,False,False,False,False,False,False,False,False,False,False,False,False,False,False,False,False,False,False,False,False,True,False,False,False,False,False,False,False,False,False,False,False,False,False,False,False,False,False,False,False,False,False,False,False,True,False
0,0,0,0,0.0,23.965156794425088,-0.07653910149750416,0.0,0.0,0.0,0.0,0.0,0.0,0.0,0.0,0.0,0.0,0.0,0.0,-0.04918032786885246,-0.26666666666666666,0.0,0.0,0.0,0.0,0.0,0.0,0.0,-1.6343283582089552,-0.6791666666666667,-0.8387096774193549,1.1666666666666667,4.666666666666667,0.0,0.0,0.0,0.0,0.0,False,True,False,False,False,False,False,False,False,False,False,False,False,False,False,False,False,False,False,False,False,False,True,False,False,False,False,False,False,False,False,False,False,False,False,False,False,False,False,False,False,False,False,False,False,False,False,False,False,False,False,False,False,False,False,False,False,False,False,False,False,False,False,False,False,False,False,False,False,False,False,False,False,False,False,False,True,False
0,1,0,0,0.0,0.6655052264808362,0.6772046589018302,0.0,0.0,0.0,0.0,0.0,0.0,0.0,0.0,0.0,0.0,0.0,0.0,-0.040983606557377046,-0.2,0.0,0.0,0.0,0.0,0.0,0.0,0.0,0.0,0.3625,0.08602150537634405,-0.16666666666666669,0.0,0.0,0.0,0.0,0.0,0.0,False,True,False,False,False,False,False,False,False,False,False,False,False,False,False,False,False,False,False,False,False,False,False,False,False,True,False,False,False,False,False,False,False,False,False,False,False,False,False,False,False,False,False,False,False,False,False,False,False,False,False,False,False,False,False,False,False,False,False,False,False,False,False,False,False,False,False,False,False,False,False,False,False,False,False,False,True,False
0,0,0,0,0.0,-0.09059233449477352,-0.07653910149750416,3.0,0.0,0.0,0.0,0.0,0.0,0.0,0.0,0.0,0.0,0.0,0.0,0.5901639344262295,4.933333333333334,0.0,0.0,0.0,0.0,0.0,0.0,0.0,0.0,-0.36666666666666664,-0.6559139784946239,0.16666666666666669,10.333333333333334,0.0,0.0,0.0,0.0,0.0,False,False,True,False,False,False,False,False,False,False,False,False,False,False,False,False,False,False,False,False,False,False,False,False,False,False,False,False,False,False,False,False,False,False,False,False,False,False,False,False,False,False,False,False,False,False,False,False,True,False,False,False,False,False,False,False,False,False,False,False,False,False,False,False,False,False,False,False,False,False,False,False,False,False,False,False,True,False
0,0,0,0,0.0,15.627177700348431,-0.07653910149750416,0.0,0.0,0.0,0.0,0.0,0.0,0.0,0.0,0.0,0.0,0.0,0.0,0.09016393442622951,0.8,0.0,0.0,0.0,0.0,-0.06666666666666672,1.8333333333333335,0.0,-1.2761194029850746,-0.3416666666666667,-0.3763440860215055,1.0000000000000002,19.0,2.0,0.01,0.0,0.0,0.0,False,True,False,False,False,False,False,False,False,False,False,False,False,False,False,False,False,False,False,False,False,False,True,False,False,False,False,False,False,False,False,False,False,False,False,False,False,False,False,False,False,False,False,False,False,False,False,False,False,False,False,False,False,False,False,False,False,False,False,False,False,False,False,False,False,False,False,False,False,False,False,False,False,False,False,False,True,False
0,1,0,0,0.0,0.9303135888501742,5.602329450915142,0.0,0.0,0.0,0.0,0.0,0.0,0.0,0.0,0.0,0.0,0.0,0.0,-0.01639344262295082,0.2,0.0,0.0,0.0,0.0,0.0,0.0,0.33,-1.4253731343283582,0.3625,0.08602150537634405,-0.16666666666666669,0.6666666666666667,2.0,0.0,0.0,0.0,0.0,False,True,False,False,False,False,False,False,False,False,False,False,False,False,False,False,False,False,False,False,False,False,False,False,False,True,False,False,False,False,False,False,False,False,False,False,False,False,False,False,False,False,False,False,False,False,False,False,False,False,False,False,False,False,False,False,False,False,False,False,False,False,False,False,False,False,False,False,False,False,False,False,False,False,False,False,True,False
0,1,0,0,0.0,0.4878048780487805,0.3627287853577371,0.0,0.0,0.0,0.0,0.0,0.0,0.0,0.0,0.0,0.0,0.0,0.0,-0.01639344262295082,1.1333333333333333,0.0,0.0,0.0,0.0,0.0,0.0,0.17,-1.5671641791044777,0.3625,0.08602150537634405,-0.16666666666666669,0.6666666666666667,4.0,0.0,0.0,0.0,0.0,False,True,False,False,False,False,False,False,False,False,False,False,False,False,False,False,False,False,False,False,False,False,False,False,False,True,False,False,False,False,False,False,False,False,False,False,False,False,False,False,False,False,False,False,False,False,False,False,False,False,False,False,False,False,False,False,False,False,False,False,False,False,False,False,False,False,False,False,False,False,False,False,False,False,False,False,True,False
0,0,0,0,0.0,-0.03484320557491289,0.03826955074875208,0.0,0.0,0.0,0.0,0.0,0.0,0.0,0.0,0.0,0.0,0.0,0.0,0.9426229508196722,7.8,0.0,0.0,0.0,0.0,0.0,0.0,0.0,0.0,0.35833333333333334,0.08602150537634405,0.0,0.0,0.0,0.0,0.0,0.0,0.0,False,False,True,False,False,False,False,False,False,False,False,False,False,False,True,False,False,False,False,False,False,False,False,False,False,False,False,False,False,False,False,False,False,False,False,False,False,False,False,False,False,False,False,False,False,False,False,False,False,False,False,False,False,False,False,False,False,False,False,False,False,False,False,False,False,False,False,False,False,False,False,False,False,False,False,False,True,False
0,1,0,0,0.0,0.519163763066202,1.0066555740432612,0.0,0.0,0.0,0.0,0.0,0.0,0.0,0.0,0.0,0.0,0.0,0.0,0.09016393442622951,0.8666666666666667,0.0,0.0,0.0,0.0,0.0,0.0,0.0,0.0,0.3625,0.08602150537634405,-0.16666666666666669,0.0,0.0,0.0,0.0,0.0,0.0,False,True,False,False,False,False,False,False,False,False,False,False,False,False,False,False,False,False,False,False,False,False,False,False,False,True,False,False,False,False,False,False,False,False,False,False,False,False,False,False,False,False,False,False,False,False,False,False,False,False,False,False,False,False,False,False,False,False,False,False,False,False,False,False,False,False,False,False,False,False,False,False,False,False,False,False,True,False
0,0,0,0,0.0,-0.03484320557491289,-0.0033277870216306157,0.0,0.0,0.0,0.0,0.0,0.0,0.0,0.0,0.0,0.0,0.0,0.0,-0.040983606557377046,-0.2,0.0,0.0,0.0,0.0,-0.43999999999999995,11.166666666666668,0.67,0.0,0.3416666666666667,0.06451612903225801,0.0,0.33333333333333337,0.0,0.0,0.0,0.0,0.0,False,False,True,False,False,False,False,False,False,False,False,False,False,False,True,False,False,False,False,False,False,False,False,False,False,False,False,False,False,False,False,False,False,False,False,False,False,False,False,False,False,False,False,False,False,False,False,False,False,False,False,False,False,False,False,False,False,False,False,False,False,False,False,False,False,False,False,False,False,False,False,False,False,False,False,False,True,False
0,0,0,0,0.0,-0.03832752613240418,0.06156405990016639,0.0,0.0,0.0,0.0,0.0,0.0,0.0,0.0,0.0,0.0,0.0,0.0,1.3442622950819672,11.066666666666666,0.0,0.0,0.0,0.0,0.0,0.0,0.0,0.0,0.3625,0.08602150537634405,-0.16666666666666669,0.33333333333333337,0.0,0.0,0.0,0.0,0.0,False,False,True,False,False,False,False,False,False,False,False,False,False,False,True,False,False,False,False,False,False,False,False,False,False,False,False,False,False,False,False,False,False,False,False,False,False,False,False,False,False,False,False,False,False,False,False,False,False,False,False,False,False,False,False,False,False,False,False,False,False,False,False,False,False,False,False,False,False,False,False,False,False,False,False,False,True,False
0,0,0,0,2.0,45.048780487804876,-0.07653910149750416,0.0,0.0,0.0,0.0,0.0,0.0,0.0,0.0,0.0,0.0,0.0,0.0,-0.05737704918032787,-0.3333333333333333,0.0,0.0,0.0,0.0,0.0,0.0,0.0,-0.9029850746268657,-0.3416666666666667,-0.3333333333333334,0.5,20.333333333333332,2.0,0.0,0.0,0.0,0.0,False,True,False,False,False,False,False,False,False,False,False,False,False,False,False,False,False,False,False,False,False,False,True,False,False,False,False,False,False,False,False,False,False,False,False,False,False,False,False,False,False,False,False,False,False,False,False,False,False,False,False,False,False,False,False,False,False,False,False,False,False,False,False,False,False,False,False,False,False,False,False,False,False,False,False,False,True,False
0,1,0,0,0.0,0.7770034843205574,2.945091514143095,0.0,0.0,0.0,0.0,0.0,0.0,0.0,0.0,0.0,0.0,0.0,0.0,0.07377049180327869,0.8,0.0,0.0,0.0,0.0,0.0,0.0,0.11,-1.6343283582089552,0.3625,0.08602150537634405,-0.16666666666666669,1.0,2.0,0.0,0.0,0.0,0.0,False,True,False,False,False,False,False,False,False,False,False,False,False,False,False,False,False,False,False,False,False,False,False,False,False,True,False,False,False,False,False,False,False,False,False,False,False,False,False,False,False,False,False,False,False,False,False,False,False,False,False,False,False,False,False,False,False,False,False,False,False,False,False,False,False,False,False,False,False,False,False,False,False,False,False,False,True,False
0,1,0,0,0.0,0.5853658536585366,2.286189683860233,0.0,0.0,0.0,0.0,0.0,0.0,0.0,0.0,0.0,0.0,0.0,0.0,0.02459016393442623,0.3333333333333333,0.0,0.0,0.0,0.0,0.0,0.0,0.0,-1.3656716417910448,0.3625,0.08602150537634405,-0.16666666666666669,0.33333333333333337,1.0,0.0,0.0,0.0,0.0,False,True,False,False,False,False,False,False,False,False,False,False,False,False,False,False,False,False,False,False,False,False,False,False,False,True,False,False,False,False,False,False,False,False,False,False,False,False,False,False,False,False,False,False,False,False,False,False,False,False,False,False,False,False,False,False,False,False,False,False,False,False,False,False,False,False,False,False,False,False,False,False,False,False,False,False,True,False
0,1,0,0,0.0,0.9303135888501742,4.440931780366056,0.0,0.0,0.0,0.0,0.0,0.0,0.0,0.0,0.0,0.0,0.0,0.0,0.1721311475409836,2.066666666666667,0.03,0.05,0.0,0.0,0.0,0.0,0.08,-1.6865671641791045,0.3625,0.08602150537634405,-0.16666666666666669,1.0,4.0,0.03,0.0,0.0,0.0,False,True,False,False,False,False,False,False,False,False,False,False,False,False,False,False,False,False,False,False,False,False,False,False,False,True,False,False,False,False,False,False,False,False,False,False,False,False,False,False,False,False,False,False,False,False,False,False,False,False,False,False,False,False,False,False,False,False,False,False,False,False,False,False,False,False,False,False,False,False,False,False,False,False,False,False,True,False
0,1,0,0,0.0,0.8780487804878049,91.95507487520798,0.0,0.0,1.0,0.0,0.0,1.0,0.0,0.0,0.0,0.0,0.0,0.0,-0.01639344262295082,0.2,0.0,0.0,0.0,0.0,0.0,0.0,0.22,0.0,0.3625,0.08602150537634405,-0.16666666666666669,0.0,0.0,0.0,0.0,0.0,0.0,False,True,False,False,False,False,False,False,False,False,False,False,False,False,False,False,False,False,False,False,False,False,False,False,False,True,False,False,False,False,False,False,False,False,False,False,False,False,False,False,False,False,False,False,False,False,False,False,False,False,False,False,False,False,False,False,False,False,False,False,False,False,False,False,False,False,False,False,False,False,False,False,False,False,False,False,True,False
0,1,0,0,0.0,0.8501742160278746,3.8519134775374377,0.0,0.0,0.0,0.0,0.0,0.0,0.0,0.0,0.0,0.0,0.0,0.0,-0.01639344262295082,0.13333333333333333,0.0,0.0,0.0,0.0,0.0,0.0,0.38,-1.6791044776119404,0.3625,0.08602150537634405,-0.16666666666666669,1.0,2.0,0.0,0.0,0.0,0.0,False,True,False,False,False,False,False,False,False,False,False,False,False,False,False,False,False,False,False,False,False,False,False,False,False,True,False,False,False,False,False,False,False,False,False,False,False,False,False,False,False,False,False,False,False,False,False,False,False,False,False,False,False,False,False,False,False,False,False,False,False,False,False,False,False,False,False,False,False,False,False,False,False,False,False,False,True,False
0,0,0,0,0.0,-0.03484320557491289,0.04159733777038269,0.0,0.0,0.0,0.0,0.0,0.0,0.0,0.0,0.0,0.0,0.0,0.0,1.3934426229508197,11.4,0.0,0.0,0.0,0.0,-0.013333333333333345,0.16666666666666669,0.0,0.0,0.35833333333333334,0.08602150537634405,0.0,0.33333333333333337,0.0,0.0,0.0,0.0,0.0,False,False,True,False,False,False,False,False,False,False,False,False,False,False,True,False,False,False,False,False,False,False,False,False,False,False,False,False,False,False,False,False,False,False,False,False,False,False,False,False,False,False,False,False,False,False,False,False,False,False,False,False,False,False,False,False,False,False,False,False,False,False,False,False,False,False,False,False,False,False,False,False,False,False,False,False,True,False
0,0,0,0,0.0,-0.0313588850174216,-0.0016638935108153079,0.0,0.0,0.0,0.0,0.0,0.0,0.0,0.0,0.0,0.0,0.0,0.0,1.6147540983606556,13.2,0.0,0.0,0.0,0.0,0.0,0.16666666666666669,0.0,0.0,0.35833333333333334,0.08602150537634405,0.0,0.0,0.0,0.0,0.0,0.0,0.0,False,False,True,False,False,False,False,False,False,False,False,False,False,False,True,False,False,False,False,False,False,False,False,False,False,False,False,False,False,False,False,False,False,False,False,False,False,False,False,False,False,False,False,False,False,False,False,False,False,False,False,False,False,False,False,False,False,False,False,False,False,False,False,False,False,False,False,False,False,False,False,False,False,False,False,False,True,False
0,1,0,0,0.0,0.5505226480836237,5.474209650582362,0.0,0.0,0.0,0.0,0.0,0.0,0.0,0.0,0.0,0.0,0.0,0.0,-0.04918032786885246,-0.26666666666666666,0.0,0.0,0.0,0.0,0.0,0.0,0.0,-1.6492537313432836,0.3625,0.08602150537634405,-0.16666666666666669,1.0,7.000000000000001,0.03,0.01,0.0,0.0,False,True,False,False,False,False,False,False,False,False,False,False,False,False,False,False,False,False,False,False,False,False,False,False,False,True,False,False,False,False,False,False,False,False,False,False,False,False,False,False,False,False,False,False,False,False,False,False,False,False,False,False,False,False,False,False,False,False,False,False,False,False,False,False,False,False,False,False,False,False,False,False,False,False,False,False,True,False
0,0,0,0,0.0,-0.013937282229965157,0.0033277870216306157,0.0,0.0,0.0,0.0,0.0,0.0,0.0,0.0,0.0,0.0,0.0,0.0,4.122950819672131,33.666666666666664,0.0,0.0,0.0,0.0,0.0,0.0,0.0,0.0,0.3625,0.08602150537634405,-0.16666666666666669,27.666666666666668,0.0,0.0,0.0,0.0,0.0,False,False,True,False,False,False,False,False,False,False,False,False,False,False,False,False,False,False,False,False,False,False,False,False,False,False,False,False,False,False,False,False,False,False,False,False,False,False,False,False,False,False,False,False,False,False,False,False,True,False,False,False,False,False,False,False,False,False,False,False,False,False,False,False,False,False,False,False,False,False,False,False,False,False,False,False,True,False
0,1,0,0,0.0,0.5400696864111498,21.377703826955074,0.0,0.0,0.0,0.0,0.0,0.0,0.0,0.0,0.0,0.0,0.0,0.0,0.02459016393442623,0.3333333333333333,0.0,0.0,0.0,0.0,0.0,0.0,0.0,0.0,0.3625,0.08602150537634405,-0.16666666666666669,0.0,0.0,0.0,0.0,0.0,0.0,False,True,False,False,False,False,False,False,False,False,False,False,False,False,False,False,False,False,False,False,False,False,False,False,False,True,False,False,False,False,False,False,False,False,False,False,False,False,False,False,False,False,False,False,False,False,False,False,False,False,False,False,False,False,False,False,False,False,False,False,False,False,False,False,False,False,False,False,False,False,False,False,False,False,False,False,True,False
0,1,0,0,0.0,0.89198606271777,2.6788685524126454,0.0,0.0,0.0,0.0,0.0,0.0,0.0,0.0,0.0,0.0,0.0,0.0,0.1721311475409836,1.5333333333333334,0.0,0.0,0.0,0.0,0.0,0.0,0.0,-1.6865671641791045,0.3625,0.08602150537634405,-0.16666666666666669,1.0,1.0,0.0,0.0,0.0,0.0,False,True,False,False,False,False,False,False,False,False,False,False,False,False,False,False,False,False,False,False,False,False,False,False,False,True,False,False,False,False,False,False,False,False,False,False,False,False,False,False,False,False,False,False,False,False,False,False,False,False,False,False,False,False,False,False,False,False,False,False,False,False,False,False,False,False,False,False,False,False,False,False,False,False,False,False,True,False
0,1,0,0,0.0,0.9303135888501742,7.252911813643927,0.0,0.0,0.0,0.0,0.0,0.0,0.0,0.0,0.0,0.0,0.0,0.0,0.00819672131147541,0.26666666666666666,0.0,0.0,0.0,0.0,0.0,0.0,0.2,-1.8059701492537314,0.3625,0.08602150537634405,-0.16666666666666669,2.666666666666667,3.0,0.0,0.0,0.0,0.0,False,True,False,False,False,False,False,False,False,False,False,False,False,False,False,False,False,False,False,False,False,False,False,False,False,True,False,False,False,False,False,False,False,False,False,False,False,False,False,False,False,False,False,False,False,False,False,False,False,False,False,False,False,False,False,False,False,False,False,False,False,False,False,False,False,False,False,False,False,False,False,False,False,False,False,False,True,False
0,0,0,0,0.0,-0.18815331010452963,-0.07653910149750416,0.0,0.0,0.0,0.0,0.0,0.0,0.0,0.0,0.0,0.0,0.0,0.0,0.8442622950819673,-0.26666666666666666,0.0,0.0,4.0,14.285714285714285,-1.3066666666666666,1.1666666666666667,0.0,0.0,-0.6916666666666667,-0.9784946236559141,1.0000000000000002,0.0,0.0,0.0,0.0,2.7777777777777777,5.88235294117647,False,True,False,False,False,False,False,False,False,False,False,False,False,False,False,False,False,False,False,False,False,False,False,False,False,False,False,False,False,False,False,False,False,False,False,False,False,False,False,False,False,False,False,False,False,False,False,False,True,False,False,False,False,False,False,False,False,False,False,False,False,False,False,False,False,False,False,False,True,False,False,False,False,False,False,False,False,False
0,0,0,0,0.0,-0.003484320557491289,0.008319467554076539,0.0,0.0,0.0,0.0,0.0,0.0,0.0,0.0,0.0,0.0,0.0,0.0,2.221311475409836,18.2,0.0,0.0,0.0,0.0,0.0,0.0,0.0,0.0,0.3625,0.08602150537634405,-0.16666666666666669,28.666666666666668,0.0,0.0,0.0,0.0,0.0,False,False,True,False,False,False,False,False,False,False,False,False,False,False,False,False,False,False,False,False,False,False,False,False,False,False,False,False,False,False,False,False,False,False,False,False,False,False,False,False,False,False,False,False,False,False,False,False,True,False,False,False,False,False,False,False,False,False,False,False,False,False,False,False,False,False,False,False,False,False,False,False,False,False,False,False,True,False
0,1,0,0,0.0,0.7526132404181185,2.1397670549084857,0.0,0.0,0.0,0.0,0.0,0.0,0.0,0.0,0.0,0.0,0.0,0.0,-0.04918032786885246,-0.26666666666666666,0.0,0.0,0.0,0.0,0.0,0.0,0.0,-1.8507462686567164,0.3625,0.08602150537634405,-0.16666666666666669,4.666666666666667,4.0,0.0,0.0,0.0,0.0,False,True,False,False,False,False,False,False,False,False,False,False,False,False,False,False,False,False,False,False,False,False,False,False,False,True,False,False,False,False,False,False,False,False,False,False,False,False,False,False,False,False,False,False,False,False,False,False,False,False,False,False,False,False,False,False,False,False,False,False,False,False,False,False,False,False,False,False,False,False,False,False,False,False,False,False,True,False
0,1,0,0,0.0,0.794425087108014,3.73044925124792,0.0,0.0,0.0,0.0,0.0,0.0,0.0,0.0,0.0,0.0,0.0,0.0,-0.04918032786885246,-0.26666666666666666,0.0,0.0,0.0,0.0,0.0,0.0,0.0,-1.8805970149253732,0.3625,0.08602150537634405,-0.16666666666666669,11.000000000000002,3.0,0.0,0.0,0.0,0.0,False,True,False,False,False,False,False,False,False,False,False,False,False,False,False,False,False,False,False,False,False,False,False,False,False,True,False,False,False,False,False,False,False,False,False,False,False,False,False,False,False,False,False,False,False,False,False,False,False,False,False,False,False,False,False,False,False,False,False,False,False,False,False,False,False,False,False,False,False,False,False,False,False,False,False,False,True,False
0,1,0,0,0.0,0.9512195121951219,1.437603993344426,0.0,0.0,0.0,0.0,0.0,0.0,0.0,0.0,0.0,0.0,0.0,0.0,0.04918032786885246,0.6,0.0,0.0,0.0,0.0,0.0,0.0,0.13,-1.7985074626865671,0.3625,0.08602150537634405,-0.16666666666666669,2.3333333333333335,3.0,0.0,0.0,0.0,0.0,False,True,False,False,False,False,False,False,False,False,False,False,False,False,False,False,False,False,False,False,False,False,False,False,False,True,False,False,False,False,False,False,False,False,False,False,False,False,False,False,False,False,False,False,False,False,False,False,False,False,False,False,False,False,False,False,False,False,False,False,False,False,False,False,False,False,False,False,False,False,False,False,False,False,False,False,True,False
0,1,0,0,0.0,0.5156794425087108,4.908485856905158,0.0,0.0,0.0,0.0,0.0,0.0,0.0,0.0,0.0,0.0,0.0,0.0,0.19672131147540983,3.066666666666667,0.0,0.0,0.0,0.0,0.0,0.0,0.06,0.0,0.3625,0.08602150537634405,-0.16666666666666669,0.0,0.0,0.0,0.0,0.0,0.0,False,True,False,False,False,False,False,False,False,False,False,False,False,False,False,False,False,False,False,False,False,False,False,False,False,True,False,False,False,False,False,False,False,False,False,False,False,False,False,False,False,False,False,False,False,False,False,False,False,False,False,False,False,False,False,False,False,False,False,False,False,False,False,False,False,False,False,False,False,False,False,False,False,False,False,False,True,False
0,1,0,0,0.0,0.5400696864111498,2.0083194675540765,0.0,0.0,0.0,0.0,0.0,0.0,0.0,0.0,0.0,0.0,0.0,0.0,0.03278688524590164,0.5333333333333333,0.0,0.0,0.0,0.0,0.0,0.0,0.21,0.0,0.3625,0.08602150537634405,-0.16666666666666669,0.0,0.0,0.0,0.0,0.0,0.0,False,True,False,False,False,False,False,False,False,False,False,False,False,False,False,False,False,False,False,False,False,False,False,False,False,True,False,False,False,False,False,False,False,False,False,False,False,False,False,False,False,False,False,False,False,False,False,False,False,False,False,False,False,False,False,False,False,False,False,False,False,False,False,False,False,False,False,False,False,False,False,False,False,False,False,False,True,False
0,1,0,0,0.0,0.6829268292682927,2.184692179700499,0.0,0.0,0.0,0.0,0.0,0.0,0.0,0.0,0.0,0.0,0.0,0.0,-0.04918032786885246,-0.26666666666666666,0.0,0.0,0.0,0.0,0.0,0.0,0.0,-1.8432835820895523,0.3416666666666667,0.08602150537634405,-0.16666666666666669,4.0,6.0,0.0,0.0,0.0,0.0,False,True,False,False,False,False,False,False,False,False,False,False,False,False,False,False,False,False,False,False,False,False,False,False,False,True,False,False,False,False,False,False,False,False,False,False,False,False,False,False,False,False,False,False,False,False,False,False,False,False,False,False,False,False,False,False,False,False,False,False,False,False,False,False,False,False,False,False,False,False,False,False,False,False,False,False,True,False
0,1,0,0,0.0,0.7979094076655052,5.181364392678868,0.0,0.0,0.0,0.0,0.0,0.0,0.0,0.0,0.0,0.0,0.0,0.0,0.14754098360655737,1.3333333333333333,0.0,0.0,0.0,0.0,0.0,0.0,0.0,0.0,0.3625,0.08602150537634405,-0.16666666666666669,0.0,0.0,0.0,0.0,0.0,0.0,False,True,False,False,False,False,False,False,False,False,False,False,False,False,False,False,False,False,False,False,False,False,False,False,False,True,False,False,False,False,False,False,False,False,False,False,False,False,False,False,False,False,False,False,False,False,False,False,False,False,False,False,False,False,False,False,False,False,False,False,False,False,False,False,False,False,False,False,False,False,False,False,False,False,False,False,True,False
0,1,0,0,0.0,0.8641114982578397,222.88519134775373,0.0,0.0,0.0,0.0,0.0,0.0,0.0,0.0,0.0,0.0,0.0,0.0,-0.05737704918032787,-0.3333333333333333,0.0,0.0,0.0,0.0,0.0,0.0,0.0,-1.8656716417910448,0.3625,0.08602150537634405,-0.16666666666666669,6.666666666666667,7.000000000000001,0.0,0.0,0.0,0.0,False,True,False,False,False,False,False,False,False,False,False,False,False,False,False,False,False,False,False,False,False,False,False,False,False,True,False,False,False,False,False,False,False,False,False,False,False,False,False,False,False,False,False,False,False,False,False,False,False,False,False,False,False,False,False,False,False,False,False,False,False,False,False,False,False,False,False,False,False,False,False,False,False,False,False,False,True,False
0,1,0,0,0.0,-0.18815331010452963,0.06156405990016639,0.0,0.0,0.0,0.0,0.0,0.0,0.0,0.0,0.0,0.0,0.0,0.0,-0.05737704918032787,-0.3333333333333333,0.0,0.0,0.0,0.0,0.0,0.0,0.0,-1.7686567164179106,-0.2708333333333333,-0.5161290322580646,4.500000000000001,2.0,2.0,0.0,0.0,0.0,0.0,False,True,False,False,False,False,False,False,False,False,False,False,False,False,False,False,False,False,False,False,False,False,False,False,False,False,False,False,False,False,False,False,False,False,False,False,False,False,False,False,False,False,False,False,False,False,False,False,False,False,False,False,True,False,False,False,False,False,False,False,False,False,False,False,False,False,False,False,False,False,False,False,False,False,False,False,True,False
0,1,0,0,0.0,0.6062717770034843,22.329450915141432,0.0,0.0,0.0,0.0,0.0,0.0,0.0,0.0,0.0,0.0,0.0,0.0,-0.05737704918032787,-0.3333333333333333,0.0,0.0,0.0,0.0,0.0,0.0,0.0,0.0,0.3625,0.08602150537634405,-0.16666666666666669,0.0,0.0,0.0,0.0,0.0,0.0,False,True,False,False,False,False,False,False,False,False,False,False,False,False,False,False,False,False,False,False,False,False,False,False,False,True,False,False,False,False,False,False,False,False,False,False,False,False,False,False,False,False,False,False,False,False,False,False,False,False,False,False,False,False,False,False,False,False,False,False,False,False,False,False,False,False,False,False,False,False,False,False,False,False,False,False,True,False
0,0,0,0,0.0,-0.0313588850174216,-0.0033277870216306157,0.0,0.0,0.0,0.0,0.0,0.0,0.0,0.0,0.0,0.0,0.0,0.0,4.122950819672131,33.666666666666664,0.0,0.0,0.0,0.0,0.0,0.0,0.0,0.0,0.3625,0.08602150537634405,-0.16666666666666669,27.666666666666668,0.0,0.0,0.0,0.0,0.0,False,False,True,False,False,False,False,False,False,False,False,False,False,False,False,False,False,False,False,False,False,False,False,False,False,False,False,False,False,False,False,False,False,False,False,False,False,False,False,False,False,False,False,False,False,False,False,False,True,False,False,False,False,False,False,False,False,False,False,False,False,False,False,False,False,False,False,False,False,False,False,False,False,False,False,False,True,False
0,1,0,0,0.0,1.0522648083623694,6.658901830282862,0.0,0.0,0.0,0.0,0.0,0.0,0.0,0.0,0.0,0.0,0.0,0.0,-0.05737704918032787,-0.3333333333333333,0.0,0.0,0.0,0.0,0.0,0.0,0.0,-1.6492537313432836,0.3625,0.08602150537634405,-0.16666666666666669,1.0,3.0,0.03,0.0,0.0,0.0,False,True,False,False,False,False,False,False,False,False,False,False,False,False,False,False,False,False,False,False,False,False,False,False,False,True,False,False,False,False,False,False,False,False,False,False,False,False,False,False,False,False,False,False,False,False,False,False,False,False,False,False,False,False,False,False,False,False,False,False,False,False,False,False,False,False,False,False,False,False,False,False,False,False,False,False,True,False
0,1,0,0,0.0,0.662020905923345,14.474209650582363,0.0,0.0,0.0,0.0,0.0,0.0,0.0,0.0,0.0,0.0,0.0,0.0,-0.03278688524590164,-0.13333333333333333,0.0,0.0,0.0,0.0,0.0,0.0,0.0,-0.3656716417910448,0.3625,0.08602150537634405,-0.16666666666666669,0.0,1.0,0.0,0.0,0.0,0.0,False,True,False,False,False,False,False,False,False,False,False,False,False,False,False,False,False,False,False,False,False,False,False,False,False,True,False,False,False,False,False,False,False,False,False,False,False,False,False,False,False,False,False,False,False,False,False,False,False,False,False,False,False,False,False,False,False,False,False,False,False,False,False,False,False,False,False,False,False,False,False,False,False,False,False,False,True,False
0,0,0,0,0.0,0.0,0.008319467554076539,0.0,0.0,0.0,0.0,0.0,0.0,0.0,0.0,0.0,0.0,0.0,0.0,4.10655737704918,33.53333333333333,0.0,0.0,0.0,0.0,0.0,0.0,0.0,0.0,0.3625,0.08602150537634405,-0.16666666666666669,28.666666666666668,0.0,0.0,0.0,0.0,0.0,False,False,True,False,False,False,False,False,False,False,False,False,False,False,False,False,False,False,False,False,False,False,False,False,False,False,False,False,False,False,False,False,False,False,False,False,False,False,False,False,False,False,False,False,False,False,False,False,True,False,False,False,False,False,False,False,False,False,False,False,False,False,False,False,False,False,False,False,False,False,False,False,False,False,False,False,True,False
0,0,0,0,0.0,-0.041811846689895474,-0.0066555740432612314,0.0,0.0,0.0,0.0,0.0,0.0,0.0,0.0,0.0,0.0,0.0,0.0,1.1229508196721312,9.266666666666667,0.0,0.0,0.0,0.0,0.0,0.0,0.0,0.0,0.3625,0.08602150537634405,-0.16666666666666669,0.0,0.0,0.0,0.0,0.0,0.0,False,False,True,False,False,False,False,False,False,False,False,False,False,False,True,False,False,False,False,False,False,False,False,False,False,False,False,False,False,False,False,False,False,False,False,False,False,False,False,False,False,False,False,False,False,False,False,False,False,False,False,False,False,False,False,False,False,False,False,False,False,False,False,False,False,False,False,False,False,False,False,False,False,False,False,False,True,False
0,1,0,0,0.0,272.2926829268293,1.9251247920133112,0.0,0.0,0.0,0.0,0.0,0.0,0.0,0.0,0.0,0.0,0.0,0.0,-0.03278688524590164,0.6,0.0,0.0,0.0,0.0,0.0,0.0,0.27,0.0,0.3625,0.08602150537634405,-0.16666666666666669,0.0,0.0,0.0,0.0,0.0,0.0,False,True,False,False,False,False,False,False,False,False,False,False,False,False,False,False,False,False,False,False,False,False,False,False,False,True,False,False,False,False,False,False,False,False,False,False,False,False,False,False,False,False,False,False,False,False,False,False,False,False,False,False,False,False,False,False,False,False,False,False,False,False,False,False,False,False,False,False,False,False,False,False,False,False,False,False,True,False
0,1,0,0,0.0,0.28222996515679444,0.3261231281198003,0.0,0.0,0.0,0.0,0.0,0.0,0.0,0.0,0.0,0.0,0.0,0.0,-0.05737704918032787,-0.3333333333333333,0.0,0.0,0.0,0.0,0.0,0.0,0.0,-1.835820895522388,-0.6708333333333333,-0.15053763440860218,3.5,3.666666666666667,0.0,0.0,0.0,0.0,0.0,False,True,False,False,False,False,False,False,False,False,False,False,False,False,False,False,False,False,False,False,False,False,False,False,False,False,False,False,False,False,False,False,False,False,False,False,False,False,False,False,False,False,False,False,False,False,False,False,False,False,False,False,True,False,False,False,False,False,False,False,False,False,False,False,False,False,False,False,False,False,False,False,False,False,False,False,True,False
0,0,0,0,0.0,-0.18815331010452963,-0.07653910149750416,0.0,0.0,0.0,0.0,0.0,0.0,0.0,0.0,0.0,0.0,0.0,0.0,0.9180327868852459,7.6,1.0,1.0,0.0,0.0,0.0,0.0,0.0,-0.14925373134328357,0.0125,-0.20430107526881727,1.0000000000000002,0.0,0.0,0.69,0.95,0.05555555555555556,0.0,False,True,False,False,False,False,False,False,False,False,False,False,False,False,False,False,False,False,False,False,False,False,False,False,False,False,False,False,False,False,False,False,False,False,False,False,False,False,False,False,False,False,False,False,False,False,False,False,False,False,False,False,False,False,False,False,False,False,True,False,False,False,False,False,False,False,False,False,False,False,False,False,True,False,False,False,False,False
0,0,0,0,0.0,-0.18815331010452963,-0.07653910149750416,0.0,0.0,0.0,0.0,0.0,0.0,0.0,0.0,0.0,0.0,0.0,0.0,0.8852459016393442,0.13333333333333333,0.0,0.0,4.0,14.285714285714285,-1.24,1.1666666666666667,0.0,0.0,-0.6666666666666666,-0.956989247311828,0.8333333333333333,0.0,0.0,0.0,0.0,2.7777777777777777,5.88235294117647,False,True,False,False,False,False,False,False,True,False,False,False,False,False,False,False,False,False,False,False,False,False,False,False,False,False,False,False,False,False,False,False,False,False,False,False,False,False,False,False,False,False,False,False,False,False,False,False,False,False,False,False,False,False,False,False,False,False,False,False,False,False,False,False,False,False,False,False,True,False,False,False,False,False,False,False,False,False
0,1,0,0,0.0,1.0278745644599303,1.394342762063228,0.0,0.0,0.0,0.0,0.0,0.0,0.0,0.0,0.0,0.0,0.0,0.0,0.0,0.4666666666666667,0.0,0.0,0.0,0.0,0.0,0.0,0.15,0.0,0.3625,0.08602150537634405,-0.16666666666666669,0.0,0.0,0.0,0.0,0.0,0.0,False,True,False,False,False,False,False,False,False,False,False,False,False,False,False,False,False,False,False,False,False,False,False,False,False,True,False,False,False,False,False,False,False,False,False,False,False,False,False,False,False,False,False,False,False,False,False,False,False,False,False,False,False,False,False,False,False,False,False,False,False,False,False,False,False,False,False,False,False,False,False,False,False,False,False,False,True,False
0,0,0,0,0.0,-0.003484320557491289,0.0066555740432612314,0.0,0.0,0.0,0.0,0.0,0.0,0.0,0.0,0.0,0.0,0.0,0.0,4.122950819672131,33.666666666666664,0.0,0.0,0.0,0.0,0.0,0.0,0.0,0.0,0.3625,0.08602150537634405,-0.16666666666666669,30.333333333333336,0.0,0.0,0.0,0.0,0.0,False,False,True,False,False,False,False,False,False,False,False,False,False,False,False,False,False,False,False,False,False,False,False,False,False,False,False,False,False,False,False,False,False,False,False,False,False,False,False,False,False,False,False,False,False,False,False,False,True,False,False,False,False,False,False,False,False,False,False,False,False,False,False,False,False,False,False,False,False,False,False,False,False,False,False,False,True,False
0,1,0,1,20.0,0.6515679442508711,1.2029950083194676,0.0,0.0,4.0,0.0,0.0,0.0,0.0,0.0,0.0,0.0,0.0,0.0,-0.05737704918032787,-0.3333333333333333,0.0,0.0,0.0,0.0,0.0,0.0,0.0,-0.6268656716417911,-0.3958333333333333,-0.5376344086021506,0.5,0.33333333333333337,3.0,0.0,0.0,0.02777777777777778,0.058823529411764705,False,True,False,False,False,False,False,False,False,False,False,False,False,False,False,False,False,False,False,False,False,True,False,False,False,False,False,False,False,False,False,False,False,False,False,False,False,False,False,False,False,False,False,False,False,False,False,False,False,False,False,False,False,False,False,False,False,False,False,False,False,False,False,False,False,False,False,False,False,False,False,False,False,False,False,False,True,False
0,1,0,0,0.0,0.9303135888501742,3.1497504159733776,0.0,0.0,0.0,0.0,0.0,0.0,0.0,0.0,0.0,0.0,0.0,0.0,-0.03278688524590164,-0.13333333333333333,0.0,0.0,0.0,0.0,0.0,0.0,0.0,-1.7388059701492538,0.3625,0.08602150537634405,-0.16666666666666669,1.6666666666666667,5.0,0.0,0.0,0.0,0.0,False,True,False,False,False,False,False,False,False,False,False,False,False,False,False,False,False,False,False,False,False,False,False,False,False,True,False,False,False,False,False,False,False,False,False,False,False,False,False,False,False,False,False,False,False,False,False,False,False,False,False,False,False,False,False,False,False,False,False,False,False,False,False,False,False,False,False,False,False,False,False,False,False,False,False,False,True,False
0,1,0,0,0.0,0.818815331010453,2.8236272878535775,0.0,0.0,0.0,0.0,0.0,0.0,0.0,0.0,0.0,0.0,0.0,0.0,0.040983606557377046,1.2,0.0,0.0,0.0,0.0,0.0,0.0,0.17,0.0,0.3625,0.08602150537634405,-0.16666666666666669,0.0,0.0,0.0,0.0,0.0,0.0,False,True,False,False,False,False,False,False,False,False,False,False,False,False,False,False,False,False,False,False,False,False,False,False,False,True,False,False,False,False,False,False,False,False,False,False,False,False,False,False,False,False,False,False,False,False,False,False,False,False,False,False,False,False,False,False,False,False,False,False,False,False,False,False,False,False,False,False,False,False,False,False,False,False,False,False,True,False
0,1,0,0,0.0,0.578397212543554,1.204658901830283,0.0,0.0,0.0,0.0,0.0,0.0,0.0,0.0,0.0,0.0,0.0,0.0,0.04918032786885246,1.2,0.0,0.0,0.0,0.0,0.0,0.0,0.12,0.0,0.3625,0.08602150537634405,-0.16666666666666669,0.0,0.0,0.0,0.0,0.0,0.0,False,True,False,False,False,False,False,False,False,False,False,False,False,False,False,False,False,False,False,False,False,False,False,False,False,True,False,False,False,False,False,False,False,False,False,False,False,False,False,False,False,False,False,False,False,False,False,False,False,False,False,False,False,False,False,False,False,False,False,False,False,False,False,False,False,False,False,False,False,False,False,False,False,False,False,False,True,False
0,1,0,0,0.0,0.627177700348432,4.161397670549085,0.0,0.0,0.0,0.0,0.0,0.0,0.0,0.0,0.0,0.0,0.0,0.0,0.02459016393442623,0.4666666666666667,0.0,0.0,0.0,0.0,0.0,0.0,0.23,-0.9626865671641791,0.3625,0.08602150537634405,-0.16666666666666669,0.33333333333333337,2.0,0.0,0.0,0.0,0.0,False,True,False,False,False,False,False,False,False,False,False,False,False,False,False,False,False,False,False,False,False,False,False,False,False,True,False,False,False,False,False,False,False,False,False,False,False,False,False,False,False,False,False,False,False,False,False,False,False,False,False,False,False,False,False,False,False,False,False,False,False,False,False,False,False,False,False,False,False,False,False,False,False,False,False,False,True,False
0,0,0,0,0.0,-0.03484320557491289,-0.0033277870216306157,0.0,0.0,0.0,0.0,0.0,0.0,0.0,0.0,0.0,0.0,0.0,0.0,0.7704918032786885,10.266666666666667,0.0,0.0,0.0,0.0,0.0,0.0,0.01,0.0,0.16666666666666666,-0.1075268817204302,0.0,0.33333333333333337,0.0,0.0,0.0,0.0,0.0,False,False,True,False,False,False,False,False,False,False,False,False,False,False,True,False,False,False,False,False,False,False,False,False,False,False,False,False,False,False,False,False,False,False,False,False,False,False,False,False,False,False,False,False,False,False,False,False,False,False,False,False,False,False,False,False,False,False,False,False,False,False,False,False,False,False,False,False,False,False,False,False,False,False,False,False,True,False
0,0,0,0,0.0,-0.03484320557491289,-0.0033277870216306157,0.0,0.0,0.0,0.0,0.0,0.0,0.0,0.0,0.0,0.0,0.0,0.0,-0.02459016393442623,-0.13333333333333333,0.0,0.0,0.0,0.0,-0.2666666666666666,6.666666666666667,0.0,0.0,0.18333333333333332,-0.09677419354838719,0.0,0.33333333333333337,0.0,0.0,0.0,0.0,0.0,False,False,True,False,False,False,False,False,False,False,False,False,False,False,True,False,False,False,False,False,False,False,False,False,False,False,False,False,False,False,False,False,False,False,False,False,False,False,False,False,False,False,False,False,False,False,False,False,False,False,False,False,False,False,False,False,False,False,False,False,False,False,False,False,False,False,False,False,False,False,False,False,False,False,False,False,True,False
0,1,0,0,0.0,0.5331010452961672,0.47254575707154745,0.0,0.0,0.0,0.0,0.0,0.0,0.0,0.0,0.0,0.0,0.0,0.0,-0.05737704918032787,-0.2,0.0,0.0,0.0,0.0,0.0,0.0,1.0,-1.8880597014925373,0.05416666666666667,0.08602150537634405,-0.16666666666666669,16.666666666666668,4.0,0.0,0.0,0.0,0.0,False,True,False,False,False,False,False,False,False,False,False,False,False,False,False,False,False,False,False,False,False,False,False,False,False,True,False,False,False,False,False,False,False,False,False,False,False,False,False,False,False,False,False,False,False,False,False,False,False,False,False,False,False,False,False,False,False,False,False,False,False,False,False,False,False,False,False,False,False,False,False,False,False,False,False,False,True,False
0,1,0,0,0.0,0.9616724738675958,2.8552412645590683,0.0,0.0,0.0,0.0,0.0,0.0,0.0,0.0,0.0,0.0,0.0,0.0,0.05737704918032787,0.8,0.0,0.0,0.0,0.0,0.0,0.0,0.17,0.0,0.3625,0.08602150537634405,-0.16666666666666669,0.0,0.0,0.0,0.0,0.0,0.0,False,True,False,False,False,False,False,False,False,False,False,False,False,False,False,False,False,False,False,False,False,False,False,False,False,True,False,False,False,False,False,False,False,False,False,False,False,False,False,False,False,False,False,False,False,False,False,False,False,False,False,False,False,False,False,False,False,False,False,False,False,False,False,False,False,False,False,False,False,False,False,False,False,False,False,False,True,False
0,0,0,0,0.0,-0.03484320557491289,-0.0033277870216306157,0.0,0.0,0.0,0.0,0.0,0.0,0.0,0.0,0.0,0.0,0.0,0.0,-0.04918032786885246,0.06666666666666667,0.0,0.0,0.0,0.0,0.0,0.0,0.43,0.0,0.3416666666666667,0.06451612903225801,0.0,0.33333333333333337,0.0,0.0,0.0,0.0,0.0,False,False,True,False,False,False,False,False,False,False,False,False,False,False,True,False,False,False,False,False,False,False,False,False,False,False,False,False,False,False,False,False,False,False,False,False,False,False,False,False,False,False,False,False,False,False,False,False,False,False,False,False,False,False,False,False,False,False,False,False,False,False,False,False,False,False,False,False,False,False,False,False,False,False,False,False,True,False
0,1,0,0,0.0,0.9442508710801394,2.389351081530782,0.0,0.0,0.0,0.0,0.0,0.0,0.0,0.0,0.0,0.0,0.0,0.0,0.07377049180327869,0.7333333333333333,0.0,0.0,0.0,0.0,0.0,0.0,0.0,-0.6194029850746269,0.30833333333333335,0.08602150537634405,-0.16666666666666669,0.33333333333333337,2.0,0.0,0.0,0.0,0.0,False,True,False,False,False,False,False,False,False,False,False,False,False,False,False,False,False,False,False,False,False,False,False,False,False,True,False,False,False,False,False,False,False,False,False,False,False,False,False,False,False,False,False,False,False,False,False,False,False,False,False,False,False,False,False,False,False,False,False,False,False,False,False,False,False,False,False,False,False,False,False,False,False,False,False,False,True,False
0,1,0,0,0.0,0.8362369337979094,8.587354409317804,0.0,0.0,0.0,0.0,0.0,0.0,0.0,0.0,0.0,0.0,0.0,0.0,-0.03278688524590164,0.0,0.0,0.0,0.0,0.0,0.0,0.0,0.5,-1.7537313432835822,0.3458333333333333,0.08602150537634405,-0.16666666666666669,1.6666666666666667,4.0,0.0,0.0,0.0,0.0,False,True,False,False,False,False,False,False,False,False,False,False,False,False,False,False,False,False,False,False,False,False,False,False,False,True,False,False,False,False,False,False,False,False,False,False,False,False,False,False,False,False,False,False,False,False,False,False,False,False,False,False,False,False,False,False,False,False,False,False,False,False,False,False,False,False,False,False,False,False,False,False,False,False,False,False,True,False
0,1,0,0,0.0,0.49825783972125437,10.499168053244592,0.0,0.0,0.0,0.0,0.0,0.0,0.0,0.0,0.0,0.0,0.0,0.0,0.08196721311475409,0.8666666666666667,0.0,0.0,0.0,0.0,0.0,0.0,0.11,0.0,0.3625,0.08602150537634405,-0.16666666666666669,0.0,0.0,0.0,0.0,0.0,0.0,False,True,False,False,False,False,False,False,False,False,False,False,False,False,False,False,False,False,False,False,False,False,False,False,False,True,False,False,False,False,False,False,False,False,False,False,False,False,False,False,False,False,False,False,False,False,False,False,False,False,False,False,False,False,False,False,False,False,False,False,False,False,False,False,False,False,False,False,False,False,False,False,False,False,False,False,True,False
0,0,0,0,0.0,0.17770034843205576,0.16805324459234608,0.0,0.0,0.0,0.0,0.0,0.0,0.0,0.0,0.0,0.0,0.0,0.0,-0.05737704918032787,-0.3333333333333333,0.0,0.0,0.0,0.0,0.0,0.0,0.0,0.0,0.35833333333333334,0.08602150537634405,0.0,0.0,0.0,0.0,0.0,0.0,0.0,False,False,True,False,False,False,False,False,False,False,False,False,False,False,False,False,False,False,False,False,False,False,False,False,False,False,False,False,False,False,False,False,False,False,False,False,False,False,False,False,False,False,False,False,False,False,False,False,True,False,False,False,False,False,False,False,False,False,False,False,False,False,False,False,False,False,False,False,False,False,False,False,False,False,False,False,True,False
0,0,0,0,0.0,-0.03484320557491289,-0.0033277870216306157,0.0,0.0,0.0,0.0,0.0,0.0,0.0,0.0,0.0,0.0,0.0,0.0,0.9180327868852459,12.933333333333334,0.0,0.0,0.0,0.0,0.0,0.0,0.01,0.0,0.3625,0.08602150537634405,-0.16666666666666669,0.33333333333333337,0.0,0.0,0.0,0.0,0.0,False,False,True,False,False,False,False,False,False,False,False,False,False,False,True,False,False,False,False,False,False,False,False,False,False,False,False,False,False,False,False,False,False,False,False,False,False,False,False,False,False,False,False,False,False,False,False,False,False,False,False,False,False,False,False,False,False,False,False,False,False,False,False,False,False,False,False,False,False,False,False,False,False,False,False,False,True,False
0,1,0,0,0.0,12.05574912891986,0.5690515806988353,0.0,0.0,0.0,0.0,0.0,0.0,0.0,0.0,0.0,0.0,0.0,0.0,-0.05737704918032787,-0.3333333333333333,0.0,0.0,0.0,0.0,0.0,0.0,0.0,0.0,-0.6333333333333333,-0.9247311827956991,12.666666666666668,0.0,0.0,0.0,0.0,2.055555555555556,0.0,False,True,False,False,False,False,False,False,False,False,False,False,False,False,False,False,False,False,False,False,False,False,False,False,False,False,False,False,False,False,False,False,False,False,False,False,False,False,False,False,False,False,False,False,False,False,False,False,False,False,False,False,True,False,False,False,False,False,False,False,False,False,False,False,False,False,False,False,False,False,False,False,False,False,False,False,True,False
0,1,0,0,0.0,2.3205574912891986,0.3910149750415973,0.0,0.0,0.0,0.0,0.0,0.0,0.0,0.0,0.0,0.0,0.0,0.0,-0.05737704918032787,-0.26666666666666666,0.0,0.0,0.0,0.0,0.0,0.0,1.0,-0.7238805970149254,-0.35833333333333334,-0.4301075268817205,0.8333333333333333,0.33333333333333337,0.0,0.01,0.0,0.0,0.0,False,True,False,False,False,False,False,False,False,False,False,False,False,False,False,False,False,False,False,False,False,False,False,False,False,False,False,False,False,False,False,False,False,False,False,False,False,False,False,False,False,False,False,False,False,False,False,False,False,False,False,False,True,False,False,False,False,False,False,False,False,False,False,False,False,False,False,False,False,False,False,False,False,False,False,False,True,False
0,1,0,0,0.0,0.5017421602787456,9.888519134775374,0.0,0.0,0.0,0.0,0.0,0.0,0.0,0.0,0.0,0.0,0.0,0.0,0.00819672131147541,0.2,0.0,0.0,0.0,0.0,0.0,0.0,0.0,-1.835820895522388,0.3541666666666667,0.08602150537634405,-0.16666666666666669,3.666666666666667,6.0,0.0,0.0,0.0,0.0,False,True,False,False,False,False,False,False,False,False,False,False,False,False,False,False,False,False,False,False,False,False,False,False,False,True,False,False,False,False,False,False,False,False,False,False,False,False,False,False,False,False,False,False,False,False,False,False,False,False,False,False,False,False,False,False,False,False,False,False,False,False,False,False,False,False,False,False,False,False,False,False,False,False,False,False,True,False
0,1,0,0,0.0,0.9094076655052264,1.2096505823627288,0.0,0.0,0.0,0.0,0.0,0.0,0.0,0.0,0.0,0.0,0.0,0.0,0.19672131147540983,1.7333333333333334,0.0,0.0,0.0,0.0,0.0,0.0,0.0,0.0,0.3625,0.08602150537634405,-0.16666666666666669,0.0,0.0,0.0,0.0,0.0,0.0,False,True,False,False,False,False,False,False,False,False,False,False,False,False,False,False,False,False,False,False,False,False,False,False,False,True,False,False,False,False,False,False,False,False,False,False,False,False,False,False,False,False,False,False,False,False,False,False,False,False,False,False,False,False,False,False,False,False,False,False,False,False,False,False,False,False,False,False,False,False,False,False,False,False,False,False,True,False
0,0,0,0,0.0,-0.0313588850174216,-0.0016638935108153079,0.0,0.0,0.0,0.0,0.0,0.0,0.0,0.0,0.0,0.0,0.0,0.0,-0.04918032786885246,-0.13333333333333333,0.0,0.0,0.0,0.0,0.0,0.0,0.5,0.0,0.2833333333333333,0.01075268817204302,0.0,0.33333333333333337,0.0,0.0,0.0,0.0,0.0,False,False,True,False,False,False,False,False,False,False,False,False,False,False,True,False,False,False,False,False,False,False,False,False,False,False,False,False,False,False,False,False,False,False,False,False,False,False,False,False,False,False,False,False,False,False,False,False,False,False,False,False,False,False,False,False,False,False,False,False,False,False,False,False,False,False,False,False,False,False,False,False,False,False,False,False,True,False
0,0,0,0,0.0,-0.03832752613240418,0.04159733777038269,0.0,0.0,0.0,0.0,0.0,0.0,0.0,0.0,0.0,0.0,0.0,0.0,0.860655737704918,7.133333333333334,0.0,0.0,0.0,0.0,0.0,0.0,0.0,0.0,0.35833333333333334,0.08602150537634405,0.0,0.0,0.0,0.0,0.0,0.0,0.0,False,False,True,False,False,False,False,False,False,False,False,False,False,False,True,False,False,False,False,False,False,False,False,False,False,False,False,False,False,False,False,False,False,False,False,False,False,False,False,False,False,False,False,False,False,False,False,False,False,False,False,False,False,False,False,False,False,False,False,False,False,False,False,False,False,False,False,False,False,False,False,False,False,False,False,False,True,False
0,0,0,0,0.0,0.2613240418118467,0.2129783693843594,0.0,0.0,0.0,1.0,0.0,0.0,0.0,0.0,0.0,0.0,0.0,0.0,-0.05737704918032787,-0.3333333333333333,0.0,0.0,0.0,0.0,0.0,0.0,0.0,0.0,0.3625,0.08602150537634405,-0.16666666666666669,0.0,0.0,0.01,0.01,0.05555555555555556,0.11764705882352941,False,True,False,False,False,False,False,False,False,False,False,False,False,False,False,False,False,False,False,False,False,False,False,False,False,False,False,False,False,False,False,False,False,False,False,False,False,False,False,False,False,False,False,False,False,False,False,False,False,False,False,False,False,False,False,False,False,False,True,False,False,False,False,False,False,False,False,False,False,False,False,False,False,False,False,False,True,False
0,1,0,0,0.0,0.5714285714285714,0.47420965058236275,0.0,0.0,0.0,0.0,0.0,0.0,0.0,0.0,0.0,0.0,0.0,0.0,-0.00819672131147541,0.13333333333333333,0.0,0.0,0.0,0.0,0.0,0.0,0.25,0.0,0.3625,0.08602150537634405,-0.16666666666666669,0.0,0.0,0.0,0.0,0.0,0.0,False,True,False,False,False,False,False,False,False,False,False,False,False,False,False,False,False,False,False,False,False,False,False,False,False,True,False,False,False,False,False,False,False,False,False,False,False,False,False,False,False,False,False,False,False,False,False,False,False,False,False,False,False,False,False,False,False,False,False,False,False,False,False,False,False,False,False,False,False,False,False,False,False,False,False,False,True,False
0,1,0,0,0.0,0.9303135888501742,0.5424292845257903,0.0,0.0,0.0,0.0,0.0,0.0,0.0,0.0,0.0,0.0,0.0,0.0,0.06557377049180328,0.7333333333333333,0.0,0.0,0.0,0.0,0.0,0.0,0.12,0.0,0.3625,0.08602150537634405,-0.16666666666666669,0.0,0.0,0.0,0.0,0.0,0.0,False,True,False,False,False,False,False,False,False,False,False,False,False,False,False,False,False,False,False,False,False,False,False,False,False,True,False,False,False,False,False,False,False,False,False,False,False,False,False,False,False,False,False,False,False,False,False,False,False,False,False,False,False,False,False,False,False,False,False,False,False,False,False,False,False,False,False,False,False,False,False,False,False,False,False,False,True,False
0,1,0,0,0.0,0.7560975609756098,4.304492512479201,0.0,0.0,0.0,0.0,0.0,0.0,0.0,0.0,0.0,0.0,0.0,0.0,-0.04918032786885246,-0.2,0.0,0.0,0.0,0.0,0.0,0.0,0.67,-1.3134328358208955,0.3625,0.08602150537634405,-0.16666666666666669,0.33333333333333337,2.0,0.0,0.0,0.0,0.0,False,True,False,False,False,False,False,False,False,False,False,False,False,False,False,False,False,False,False,False,False,False,False,False,False,True,False,False,False,False,False,False,False,False,False,False,False,False,False,False,False,False,False,False,False,False,False,False,False,False,False,False,False,False,False,False,False,False,False,False,False,False,False,False,False,False,False,False,False,False,False,False,False,False,False,False,True,False
0,1,0,0,0.0,0.9512195121951219,3.059900166389351,0.0,0.0,0.0,0.0,0.0,0.0,0.0,0.0,0.0,0.0,0.0,0.0,0.0,0.13333333333333333,0.0,0.0,0.0,0.0,0.0,0.0,0.0,-0.5223880597014925,0.3625,0.08602150537634405,-0.16666666666666669,0.33333333333333337,1.0,0.0,0.0,0.0,0.0,False,True,False,False,False,False,False,False,False,False,False,False,False,False,False,False,False,False,False,False,False,False,False,False,False,True,False,False,False,False,False,False,False,False,False,False,False,False,False,False,False,False,False,False,False,False,False,False,False,False,False,False,False,False,False,False,False,False,False,False,False,False,False,False,False,False,False,False,False,False,False,False,False,False,False,False,True,False
0,0,0,0,0.0,1.6236933797909407,-0.07653910149750416,0.0,0.0,0.0,0.0,0.0,0.0,0.0,0.0,0.0,0.0,0.0,0.0,4.122950819672131,33.666666666666664,0.0,0.0,0.0,0.0,0.0,0.0,0.0,-1.5597014925373134,-0.45416666666666666,0.08602150537634405,-0.16666666666666669,33.333333333333336,14.000000000000002,0.0,0.0,0.0,0.0,True,False,False,False,False,False,False,False,False,False,False,False,False,False,False,False,False,True,False,False,False,False,False,False,False,False,False,False,False,False,False,False,False,False,False,False,False,False,False,False,False,False,False,False,False,False,False,False,False,False,False,False,False,False,False,False,False,False,False,False,False,False,False,False,False,False,False,False,False,False,False,False,False,False,False,False,True,False
0,1,0,0,0.0,1.0313588850174216,9.797004991680533,0.0,0.0,0.0,0.0,0.0,0.0,0.0,0.0,0.0,0.0,0.0,0.0,-0.02459016393442623,-0.06666666666666667,0.0,0.0,0.0,0.0,0.0,0.0,0.0,0.0,0.3625,0.08602150537634405,-0.16666666666666669,0.0,0.0,0.0,0.0,0.0,0.0,False,True,False,False,False,False,False,False,False,False,False,False,False,False,False,False,False,False,False,False,False,False,False,False,False,True,False,False,False,False,False,False,False,False,False,False,False,False,False,False,False,False,False,False,False,False,False,False,False,False,False,False,False,False,False,False,False,False,False,False,False,False,False,False,False,False,False,False,False,False,False,False,False,False,False,False,True,False
0,0,0,0,0.0,-0.027874564459930314,-0.0016638935108153079,0.0,0.0,0.0,0.0,0.0,0.0,0.0,0.0,0.0,0.0,0.0,0.0,0.4918032786885246,4.133333333333334,0.0,0.0,0.0,0.0,0.0,0.0,0.0,0.0,0.3625,0.08602150537634405,-0.16666666666666669,8.666666666666668,0.0,0.0,0.0,0.0,0.0,False,False,True,False,False,False,False,False,False,False,False,False,False,False,False,False,False,False,False,False,False,False,False,False,False,False,False,False,False,False,False,False,False,False,False,False,False,False,False,False,False,False,False,False,False,False,False,False,True,False,False,False,False,False,False,False,False,False,False,False,False,False,False,False,False,False,False,False,False,False,False,False,False,False,False,False,True,False
0,1,0,0,0.0,0.5365853658536586,0.8668885191347754,0.0,0.0,0.0,0.0,0.0,0.0,0.0,0.0,0.0,0.0,0.0,0.0,0.01639344262295082,0.26666666666666666,0.0,0.0,0.0,0.0,0.0,0.0,0.0,-1.6492537313432836,0.20416666666666666,0.08602150537634405,-0.16666666666666669,1.0,8.0,0.0,0.0,0.0,0.0,False,True,False,False,False,False,False,False,False,False,False,False,False,False,False,False,False,False,False,False,False,False,False,False,False,True,False,False,False,False,False,False,False,False,False,False,False,False,False,False,False,False,False,False,False,False,False,False,False,False,False,False,False,False,False,False,False,False,False,False,False,False,False,False,False,False,False,False,False,False,False,False,False,False,False,False,True,False
0,1,0,0,0.0,0.710801393728223,1.6073211314475873,0.0,0.0,0.0,0.0,0.0,0.0,0.0,0.0,0.0,0.0,0.0,0.0,0.14754098360655737,1.3333333333333333,0.0,0.0,0.0,0.0,0.0,0.0,0.0,0.0,0.3625,0.08602150537634405,-0.16666666666666669,0.0,0.0,0.0,0.0,0.0,0.0,False,True,False,False,False,False,False,False,False,False,False,False,False,False,False,False,False,False,False,False,False,False,False,False,False,True,False,False,False,False,False,False,False,False,False,False,False,False,False,False,False,False,False,False,False,False,False,False,False,False,False,False,False,False,False,False,False,False,False,False,False,False,False,False,False,False,False,False,False,False,False,False,False,False,False,False,True,False
0,1,0,0,0.0,0.578397212543554,5.43594009983361,0.0,0.0,0.0,0.0,0.0,0.0,0.0,0.0,0.0,0.0,0.0,0.0,-0.01639344262295082,0.5333333333333333,0.0,0.0,0.0,0.0,0.0,0.0,0.21,0.0,0.3625,0.08602150537634405,-0.16666666666666669,0.0,0.0,0.0,0.0,0.0,0.0,False,True,False,False,False,False,False,False,False,False,False,False,False,False,False,False,False,False,False,False,False,False,False,False,False,True,False,False,False,False,False,False,False,False,False,False,False,False,False,False,False,False,False,False,False,False,False,False,False,False,False,False,False,False,False,False,False,False,False,False,False,False,False,False,False,False,False,False,False,False,False,False,False,False,False,False,True,False
0,1,0,0,0.0,0.8327526132404182,1.0931780366056572,0.0,0.0,0.0,0.0,0.0,0.0,0.0,0.0,0.0,0.0,0.0,0.0,0.06557377049180328,2.933333333333333,0.0,0.0,0.0,0.0,0.0,0.0,0.1,0.0,0.3625,0.08602150537634405,-0.16666666666666669,0.33333333333333337,0.0,0.0,0.0,0.0,0.0,False,True,False,False,False,False,False,False,False,False,False,False,False,False,False,False,False,False,False,False,False,False,False,False,False,True,False,False,False,False,False,False,False,False,False,False,False,False,False,False,False,False,False,False,False,False,False,False,False,False,False,False,False,False,False,False,False,False,False,False,False,False,False,False,False,False,False,False,False,False,False,False,False,False,False,False,True,False
0,0,0,0,0.0,-0.03484320557491289,-0.0033277870216306157,0.0,0.0,0.0,0.0,0.0,0.0,0.0,0.0,0.0,0.0,0.0,0.0,1.2868852459016393,10.533333333333333,0.0,0.0,0.0,0.0,-0.013333333333333345,0.16666666666666669,0.0,0.0,0.35833333333333334,0.08602150537634405,0.0,0.0,0.0,0.0,0.0,0.0,0.0,False,False,True,False,False,False,False,False,False,False,False,False,False,False,True,False,False,False,False,False,False,False,False,False,False,False,False,False,False,False,False,False,False,False,False,False,False,False,False,False,False,False,False,False,False,False,False,False,False,False,False,False,False,False,False,False,False,False,False,False,False,False,False,False,False,False,False,False,False,False,False,False,False,False,False,False,True,False
0,0,0,0,0.0,-0.03484320557491289,-0.0033277870216306157,0.0,0.0,0.0,0.0,0.0,0.0,0.0,0.0,0.0,0.0,0.0,0.0,0.45901639344262296,9.2,0.0,0.0,0.0,0.0,0.0,0.0,0.01,0.0,0.3625,0.08602150537634405,-0.16666666666666669,0.33333333333333337,0.0,0.0,0.0,0.0,0.0,False,False,True,False,False,False,False,False,False,False,False,False,False,False,True,False,False,False,False,False,False,False,False,False,False,False,False,False,False,False,False,False,False,False,False,False,False,False,False,False,False,False,False,False,False,False,False,False,False,False,False,False,False,False,False,False,False,False,False,False,False,False,False,False,False,False,False,False,False,False,False,False,False,False,False,False,True,False
0,1,0,0,0.0,0.6655052264808362,5.344425956738768,0.0,0.0,0.0,0.0,0.0,0.0,0.0,0.0,0.0,0.0,0.0,0.0,-0.040983606557377046,3.066666666666667,0.0,0.0,0.0,0.0,0.0,0.0,0.1,-1.7686567164179106,0.3625,0.08602150537634405,-0.16666666666666669,2.0,1.0,0.0,0.0,0.0,0.0,False,True,False,False,False,False,False,False,False,False,False,False,False,False,False,False,False,False,False,False,False,False,False,False,False,True,False,False,False,False,False,False,False,False,False,False,False,False,False,False,False,False,False,False,False,False,False,False,False,False,False,False,False,False,False,False,False,False,False,False,False,False,False,False,False,False,False,False,False,False,False,False,False,False,False,False,True,False
0,1,0,0,0.0,0.30313588850174217,6.643926788685524,0.0,0.0,0.0,0.0,0.0,0.0,0.0,0.0,0.0,0.0,0.0,0.0,-0.00819672131147541,0.06666666666666667,0.0,0.0,0.0,0.0,0.0,0.0,0.0,-1.7462686567164178,0.3625,0.08602150537634405,-0.16666666666666669,1.6666666666666667,5.0,0.0,0.0,0.0,0.0,False,True,False,False,False,False,False,False,False,False,False,False,False,False,False,False,False,False,False,False,False,False,False,False,False,True,False,False,False,False,False,False,False,False,False,False,False,False,False,False,False,False,False,False,False,False,False,False,False,False,False,False,False,False,False,False,False,False,False,False,False,False,False,False,False,False,False,False,False,False,False,False,False,False,False,False,True,False
0,1,0,0,0.0,0.7073170731707317,14.419301164725457,0.0,0.0,0.0,0.0,0.0,0.0,0.0,0.0,0.0,0.0,0.0,0.0,-0.04918032786885246,0.9333333333333333,0.0,0.0,0.0,0.0,0.0,0.0,0.2,0.0,0.3625,0.08602150537634405,-0.16666666666666669,0.0,0.0,0.0,0.0,0.0,0.0,False,True,False,False,False,False,False,False,False,False,False,False,False,False,False,False,False,False,False,False,False,False,False,False,False,True,False,False,False,False,False,False,False,False,False,False,False,False,False,False,False,False,False,False,False,False,False,False,False,False,False,False,False,False,False,False,False,False,False,False,False,False,False,False,False,False,False,False,False,False,False,False,False,False,False,False,True,False
0,1,0,0,0.0,0.6655052264808362,7.346089850249584,0.0,0.0,0.0,0.0,0.0,0.0,0.0,0.0,0.0,0.0,0.0,0.0,0.00819672131147541,0.2,0.0,0.0,0.0,0.0,0.0,0.0,0.0,-0.2462686567164179,0.3625,0.08602150537634405,-0.16666666666666669,0.33333333333333337,1.0,0.0,0.0,0.0,0.0,False,True,False,False,False,False,False,False,False,False,False,False,False,False,False,False,False,False,False,False,False,False,False,False,False,True,False,False,False,False,False,False,False,False,False,False,False,False,False,False,False,False,False,False,False,False,False,False,False,False,False,False,False,False,False,False,False,False,False,False,False,False,False,False,False,False,False,False,False,False,False,False,False,False,False,False,True,False
0,1,0,0,0.0,0.4843205574912892,2.382695507487521,0.0,0.0,0.0,0.0,0.0,0.0,0.0,0.0,0.0,0.0,0.0,0.0,-0.05737704918032787,-0.3333333333333333,0.0,0.0,0.0,0.0,0.0,0.0,0.0,-0.23880597014925373,0.21666666666666667,0.07526881720430102,0.0,0.0,0.0,0.0,0.0,0.02777777777777778,0.058823529411764705,False,True,False,False,False,False,False,False,False,False,False,False,False,False,False,False,False,False,False,False,False,False,False,False,False,True,False,False,False,False,False,False,False,False,False,False,False,False,False,False,False,False,False,False,False,False,False,False,False,False,False,False,False,False,False,False,False,False,False,False,False,False,False,False,False,False,False,False,False,False,False,False,False,False,False,False,True,False
0,0,0,0,0.0,0.0,0.011647254575707155,0.0,0.0,0.0,0.0,0.0,0.0,0.0,0.0,0.0,0.0,0.0,0.0,4.122950819672131,33.666666666666664,0.0,0.0,0.0,0.0,0.0,0.0,0.0,0.0,0.3625,0.08602150537634405,-0.16666666666666669,31.666666666666668,0.0,0.0,0.0,0.0,0.0,False,False,True,False,False,False,False,False,False,False,False,False,False,False,False,False,False,False,False,False,False,False,False,False,False,False,False,False,False,False,False,False,False,False,False,False,False,False,False,False,False,False,False,False,False,False,False,False,True,False,False,False,False,False,False,False,False,False,False,False,False,False,False,False,False,False,False,False,False,False,False,False,False,False,False,False,True,False
0,0,0,0,0.0,2.3832752613240418,-0.07653910149750416,0.0,0.0,0.0,0.0,0.0,0.0,0.0,0.0,0.0,0.0,0.0,0.0,-0.04918032786885246,-0.26666666666666666,0.0,0.0,0.0,0.0,0.0,0.0,0.0,-0.5,-0.49583333333333335,-0.7096774193548387,0.3333333333333333,8.666666666666668,0.0,0.0,0.0,0.02777777777777778,0.0,False,True,False,False,False,False,False,False,False,False,False,False,False,False,False,False,False,False,False,False,False,False,True,False,False,False,False,False,False,False,False,False,False,False,False,False,False,False,False,False,False,False,False,False,False,False,False,False,False,False,False,False,False,False,False,False,False,False,False,False,False,False,False,False,False,False,False,False,False,False,False,False,False,False,False,False,True,False
0,1,0,0,0.0,0.867595818815331,0.4043261231281198,0.0,0.0,0.0,0.0,0.0,0.0,0.0,0.0,0.0,0.0,0.0,0.0,-0.01639344262295082,0.3333333333333333,0.0,0.0,0.0,0.0,0.0,0.0,0.36,-1.6791044776119404,0.3625,0.08602150537634405,-0.16666666666666669,1.0,1.0,0.0,0.0,0.0,0.0,False,True,False,False,False,False,False,False,False,False,False,False,False,False,False,False,False,False,False,False,False,False,False,False,False,True,False,False,False,False,False,False,False,False,False,False,False,False,False,False,False,False,False,False,False,False,False,False,False,False,False,False,False,False,False,False,False,False,False,False,False,False,False,False,False,False,False,False,False,False,False,False,False,False,False,False,True,False
0,1,0,0,0.0,0.6132404181184669,20.86855241264559,0.0,0.0,0.0,0.0,0.0,0.0,0.0,0.0,0.0,0.0,0.0,0.0,0.05737704918032787,1.2,0.0,0.0,0.0,0.0,0.0,0.0,0.12,0.0,0.3625,0.08602150537634405,-0.16666666666666669,0.0,0.0,0.0,0.0,0.0,0.0,False,True,False,False,False,False,False,False,False,False,False,False,False,False,False,False,False,False,False,False,False,False,False,False,False,True,False,False,False,False,False,False,False,False,False,False,False,False,False,False,False,False,False,False,False,False,False,False,False,False,False,False,False,False,False,False,False,False,False,False,False,False,False,False,False,False,False,False,False,False,False,False,False,False,False,False,True,False
0,1,0,0,0.0,0.627177700348432,5.307820299500832,0.0,0.0,0.0,0.0,0.0,0.0,0.0,0.0,0.0,0.0,0.0,0.0,0.0,1.0,0.0,0.0,0.0,0.0,0.0,0.0,0.1,0.0,0.3625,0.08602150537634405,-0.16666666666666669,0.0,0.0,0.0,0.0,0.0,0.0,False,True,False,False,False,False,False,False,False,False,False,False,False,False,False,False,False,False,False,False,False,False,False,False,False,True,False,False,False,False,False,False,False,False,False,False,False,False,False,False,False,False,False,False,False,False,False,False,False,False,False,False,False,False,False,False,False,False,False,False,False,False,False,False,False,False,False,False,False,False,False,False,False,False,False,False,True,False
0,0,0,0,0.0,-0.18466898954703834,-0.07487520798668885,0.0,0.0,0.0,0.0,0.0,0.0,0.0,0.0,0.0,0.0,0.0,0.0,0.26229508196721313,-0.2,0.0,0.0,0.0,0.0,-1.2266666666666668,6.333333333333334,0.0,0.0,-0.6875,-0.9784946236559141,9.5,33.0,0.0,0.0,0.0,0.02777777777777778,0.0,False,False,True,False,False,False,False,False,False,False,False,False,False,False,False,False,False,False,False,False,False,False,False,False,False,False,False,False,False,False,False,False,False,False,False,False,False,False,False,False,False,False,False,False,False,False,False,False,True,False,False,False,False,False,False,False,False,False,False,False,False,False,False,False,False,False,False,False,False,False,False,False,False,False,False,False,True,False
0,0,0,0,0.0,-0.18815331010452963,-0.07653910149750416,0.0,0.0,0.0,0.0,0.0,0.0,0.0,0.0,0.0,0.0,0.0,0.0,-0.05737704918032787,-0.3333333333333333,0.0,0.0,4.0,14.285714285714285,0.0,0.0,0.0,0.0,-0.6958333333333333,-0.9892473118279571,3.833333333333333,7.666666666666667,0.0,0.0,0.0,0.638888888888889,5.88235294117647,False,True,False,False,False,False,False,False,False,False,False,False,False,False,False,False,False,False,False,False,False,False,False,False,False,False,False,False,False,False,False,False,False,False,False,False,False,False,False,False,False,False,False,True,False,False,False,False,False,False,False,False,False,False,False,False,False,False,False,False,False,False,False,False,False,False,False,False,False,False,False,True,False,False,False,False,False,False
0,1,0,0,0.0,0.5714285714285714,0.40099833610648916,0.0,0.0,0.0,0.0,0.0,0.0,0.0,0.0,0.0,0.0,0.0,0.0,0.05737704918032787,0.6,0.0,0.0,0.0,0.0,0.0,0.0,0.0,0.0,0.3625,0.08602150537634405,-0.16666666666666669,0.0,0.0,0.0,0.0,0.0,0.0,False,True,False,False,False,False,False,False,False,False,False,False,False,False,False,False,False,False,False,False,False,False,False,False,False,True,False,False,False,False,False,False,False,False,False,False,False,False,False,False,False,False,False,False,False,False,False,False,False,False,False,False,False,False,False,False,False,False,False,False,False,False,False,False,False,False,False,False,False,False,False,False,False,False,False,False,True,False
0,1,0,0,0.0,0.8118466898954704,1.0515806988352745,0.0,0.0,0.0,0.0,0.0,0.0,0.0,0.0,0.0,0.0,0.0,0.0,0.16393442622950818,1.4666666666666666,0.0,0.0,0.0,0.0,0.0,0.0,0.0,-1.6940298507462686,0.3625,0.08602150537634405,-0.16666666666666669,1.3333333333333335,1.0,0.0,0.0,0.0,0.0,False,True,False,False,False,False,False,False,False,False,False,False,False,False,False,False,False,False,False,False,False,False,False,False,False,True,False,False,False,False,False,False,False,False,False,False,False,False,False,False,False,False,False,False,False,False,False,False,False,False,False,False,False,False,False,False,False,False,False,False,False,False,False,False,False,False,False,False,False,False,False,False,False,False,False,False,True,False
0,0,0,0,0.0,34.90940766550523,-0.07653910149750416,0.0,0.0,0.0,0.0,0.0,0.0,0.0,0.0,0.0,0.0,0.0,0.0,0.02459016393442623,-0.3333333333333333,0.0,0.0,0.0,0.0,-1.2133333333333334,16.666666666666668,0.0,-1.6791044776119404,-0.6958333333333333,-0.956989247311828,7.0,23.333333333333332,0.0,0.0,0.0,0.0,0.0,False,True,False,False,False,False,False,False,False,False,False,False,False,False,False,False,False,False,False,False,False,False,False,False,False,False,False,False,False,False,False,False,False,False,False,False,False,False,False,False,False,False,False,True,False,False,False,False,False,False,False,False,False,False,False,False,False,False,False,False,False,False,False,False,False,False,False,False,False,False,False,False,False,False,False,False,True,False
0,0,0,0,0.0,-0.07317073170731707,-0.07653910149750416,0.0,0.0,0.0,0.0,0.0,0.0,0.0,0.0,0.0,0.0,0.0,0.0,-0.05737704918032787,-0.26666666666666666,0.0,0.0,0.0,0.0,0.0,0.0,1.0,0.0,-0.6541666666666667,-0.946236559139785,0.3333333333333333,1.3333333333333335,0.0,0.0,0.0,0.05555555555555556,0.0,False,False,True,False,False,False,False,False,False,False,False,False,False,False,True,False,False,False,False,False,False,False,False,False,False,False,False,False,False,False,False,False,False,False,False,False,False,False,False,False,False,False,False,False,False,False,False,False,False,False,False,False,False,False,False,False,False,False,False,False,False,False,False,False,False,False,False,False,False,False,False,False,False,False,False,False,True,False
0,1,0,0,0.0,0.4843205574912892,3.9051580698835275,0.0,0.0,0.0,0.0,0.0,0.0,0.0,0.0,0.0,0.0,0.0,0.0,0.00819672131147541,0.4,0.0,0.0,0.0,0.0,0.0,0.0,0.17,0.0,0.3625,0.08602150537634405,-0.16666666666666669,0.0,0.0,0.0,0.0,0.0,0.0,False,True,False,False,False,False,False,False,False,False,False,False,False,False,False,False,False,False,False,False,False,False,False,False,False,True,False,False,False,False,False,False,False,False,False,False,False,False,False,False,False,False,False,False,False,False,False,False,False,False,False,False,False,False,False,False,False,False,False,False,False,False,False,False,False,False,False,False,False,False,False,False,False,False,False,False,True,False
0,1,0,0,0.0,0.8501742160278746,9.888519134775374,0.0,0.0,0.0,0.0,0.0,0.0,0.0,0.0,0.0,0.0,0.0,0.0,-0.02459016393442623,-0.06666666666666667,0.0,0.0,0.0,0.0,0.0,0.0,0.0,-1.0597014925373134,0.3458333333333333,0.08602150537634405,-0.16666666666666669,0.33333333333333337,4.0,0.0,0.0,0.0,0.0,False,True,False,False,False,False,False,False,False,False,False,False,False,False,False,False,False,False,False,False,False,False,False,False,False,True,False,False,False,False,False,False,False,False,False,False,False,False,False,False,False,False,False,False,False,False,False,False,False,False,False,False,False,False,False,False,False,False,False,False,False,False,False,False,False,False,False,False,False,False,False,False,False,False,False,False,True,False
0,1,0,0,0.0,0.9790940766550522,5.294509151414309,0.0,0.0,0.0,0.0,0.0,0.0,0.0,0.0,0.0,0.0,0.0,0.0,0.3360655737704918,2.933333333333333,0.0,0.0,0.0,0.0,0.0,0.0,0.04,0.0,0.3625,0.08602150537634405,-0.16666666666666669,0.0,0.0,0.0,0.0,0.0,0.0,False,True,False,False,False,False,False,False,False,False,False,False,False,False,False,False,False,False,False,False,False,False,False,False,False,True,False,False,False,False,False,False,False,False,False,False,False,False,False,False,False,False,False,False,False,False,False,False,False,False,False,False,False,False,False,False,False,False,False,False,False,False,False,False,False,False,False,False,False,False,False,False,False,False,False,False,True,False
0,1,0,0,0.0,0.6655052264808362,3.4009983361064893,0.0,0.0,0.0,0.0,0.0,0.0,0.0,0.0,0.0,0.0,0.0,0.0,0.02459016393442623,0.3333333333333333,0.0,0.0,0.0,0.0,0.0,0.0,0.0,0.0,0.3625,0.08602150537634405,-0.16666666666666669,0.0,0.0,0.0,0.0,0.0,0.0,False,True,False,False,False,False,False,False,False,False,False,False,False,False,False,False,False,False,False,False,False,False,False,False,False,True,False,False,False,False,False,False,False,False,False,False,False,False,False,False,False,False,False,False,False,False,False,False,False,False,False,False,False,False,False,False,False,False,False,False,False,False,False,False,False,False,False,False,False,False,False,False,False,False,False,False,True,False
0,1,0,0,0.0,0.5923344947735192,0.5158069883527454,0.0,0.0,0.0,0.0,0.0,0.0,0.0,0.0,0.0,0.0,0.0,0.0,-0.05737704918032787,0.6,0.0,0.0,0.0,0.0,0.0,0.0,0.2,-1.8880597014925373,0.3625,0.08602150537634405,-0.16666666666666669,16.666666666666668,6.0,0.0,0.0,0.0,0.0,False,True,False,False,False,False,False,False,False,False,False,False,False,False,False,False,False,False,False,False,False,False,False,False,False,True,False,False,False,False,False,False,False,False,False,False,False,False,False,False,False,False,False,False,False,False,False,False,False,False,False,False,False,False,False,False,False,False,False,False,False,False,False,False,False,False,False,False,False,False,False,False,False,False,False,False,True,False
0,0,0,0,0.0,20.470383275261323,-0.07653910149750416,0.0,0.0,0.0,0.0,0.0,0.0,0.0,0.0,0.0,0.0,0.0,0.0,0.06557377049180328,0.6666666666666666,0.0,0.0,0.0,0.0,0.0,0.0,0.0,-1.5522388059701493,-0.6083333333333333,-0.4838709677419356,1.3333333333333335,15.666666666666666,0.0,0.0,0.0,0.0,0.0,False,True,False,False,False,False,False,False,False,False,False,False,False,False,False,False,False,False,False,False,False,False,True,False,False,False,False,False,False,False,False,False,False,False,False,False,False,False,False,False,False,False,False,False,False,False,False,False,False,False,False,False,False,False,False,False,False,False,False,False,False,False,False,False,False,False,False,False,False,False,False,False,False,False,False,False,True,False
0,1,0,0,37.0,2.505226480836237,605.9134775374376,0.0,0.0,0.0,0.0,0.0,0.0,0.0,0.0,0.0,0.0,0.0,0.0,-0.05737704918032787,-0.3333333333333333,0.0,0.0,0.0,0.0,0.0,0.0,0.0,-1.6194029850746268,-0.3958333333333333,-0.8172043010752689,0.6666666666666667,1.0,4.0,0.0,0.77,0.0,0.411764705882353,False,True,False,False,False,False,False,False,False,False,False,False,False,False,False,False,False,False,False,False,False,False,False,False,False,False,False,False,False,False,False,False,False,False,False,False,False,False,False,False,False,False,False,False,False,False,False,False,False,False,False,False,False,False,False,False,False,False,True,False,False,False,False,False,False,False,False,False,False,False,False,False,False,False,False,False,True,False
0,1,0,0,0.0,0.735191637630662,5.793677204658902,0.0,0.0,0.0,0.0,0.0,0.0,0.0,0.0,0.0,0.0,0.0,0.0,0.01639344262295082,0.26666666666666666,0.0,0.0,0.0,0.0,0.0,0.0,0.0,-1.7686567164179106,0.04583333333333333,0.08602150537634405,-0.16666666666666669,2.0,4.0,0.0,0.0,0.0,0.0,False,True,False,False,False,False,False,False,False,False,False,False,False,False,False,False,False,False,False,False,False,False,False,False,False,True,False,False,False,False,False,False,False,False,False,False,False,False,False,False,False,False,False,False,False,False,False,False,False,False,False,False,False,False,False,False,False,False,False,False,False,False,False,False,False,False,False,False,False,False,False,False,False,False,False,False,True,False
0,0,0,0,0.0,5.7317073170731705,-0.07653910149750416,0.0,0.0,0.0,0.0,0.0,0.0,0.0,0.0,0.0,0.0,0.0,0.0,-0.05737704918032787,-0.3333333333333333,0.0,0.0,0.0,0.0,0.0,0.0,0.0,-1.6343283582089552,-0.6708333333333333,-0.7849462365591399,1.6666666666666667,6.333333333333334,0.0,0.0,0.0,0.0,0.0,False,True,False,False,False,False,False,False,False,False,False,False,False,False,False,False,False,False,False,False,False,False,True,False,False,False,False,False,False,False,False,False,False,False,False,False,False,False,False,False,False,False,False,False,False,False,False,False,False,False,False,False,False,False,False,False,False,False,False,False,False,False,False,False,False,False,False,False,False,False,False,False,False,False,False,False,True,False
0,1,0,0,0.0,0.7456445993031359,1.6106489184692179,0.0,0.0,0.0,0.0,0.0,0.0,0.0,0.0,0.0,0.0,0.0,0.0,-0.03278688524590164,-0.13333333333333333,0.0,0.0,0.0,0.0,0.0,0.0,0.0,0.0,0.3625,0.08602150537634405,-0.16666666666666669,0.0,0.0,0.0,0.0,0.0,0.0,False,True,False,False,False,False,False,False,False,False,False,False,False,False,False,False,False,False,False,False,False,False,False,False,False,True,False,False,False,False,False,False,False,False,False,False,False,False,False,False,False,False,False,False,False,False,False,False,False,False,False,False,False,False,False,False,False,False,False,False,False,False,False,False,False,False,False,False,False,False,False,False,False,False,False,False,True,False
0,1,0,0,0.0,0.8606271777003485,32.8585690515807,0.0,0.0,0.0,0.0,0.0,0.0,0.0,0.0,0.0,0.0,0.0,0.0,0.05737704918032787,0.6,0.0,0.0,0.0,0.0,0.0,0.0,0.0,-1.7537313432835822,0.3625,0.08602150537634405,-0.16666666666666669,1.6666666666666667,2.0,0.05,0.0,0.0,0.0,False,True,False,False,False,False,False,False,False,False,False,False,False,False,False,False,False,False,False,False,False,False,False,False,False,True,False,False,False,False,False,False,False,False,False,False,False,False,False,False,False,False,False,False,False,False,False,False,False,False,False,False,False,False,False,False,False,False,False,False,False,False,False,False,False,False,False,False,False,False,False,False,False,False,False,False,True,False
0,0,0,0,0.0,-0.0313588850174216,0.1464226289517471,0.0,0.0,0.0,0.0,0.0,0.0,0.0,0.0,0.0,0.0,0.0,0.0,1.2295081967213115,15.466666666666667,0.0,0.0,0.0,0.0,-0.013333333333333345,0.16666666666666669,0.01,0.0,0.35833333333333334,0.08602150537634405,0.0,0.0,0.0,0.0,0.0,0.0,0.0,False,False,True,False,False,False,False,False,False,False,False,False,False,False,True,False,False,False,False,False,False,False,False,False,False,False,False,False,False,False,False,False,False,False,False,False,False,False,False,False,False,False,False,False,False,False,False,False,False,False,False,False,False,False,False,False,False,False,False,False,False,False,False,False,False,False,False,False,False,False,False,False,False,False,False,False,True,False
0,1,0,0,0.0,0.6794425087108014,79.09484193011647,0.0,0.0,0.0,0.0,0.0,0.0,0.0,0.0,0.0,0.0,0.0,0.0,-0.05737704918032787,-0.3333333333333333,0.0,0.0,0.0,0.0,0.0,0.0,0.0,-1.3208955223880596,0.3625,0.08602150537634405,-0.16666666666666669,0.33333333333333337,4.0,0.0,0.0,0.0,0.0,False,True,False,False,False,False,False,False,False,False,False,False,False,False,False,False,False,False,False,False,False,False,False,False,False,True,False,False,False,False,False,False,False,False,False,False,False,False,False,False,False,False,False,False,False,False,False,False,False,False,False,False,False,False,False,False,False,False,False,False,False,False,False,False,False,False,False,False,False,False,False,False,False,False,False,False,True,False
0,1,0,0,0.0,0.9512195121951219,0.7004991680532446,0.0,0.0,0.0,0.0,0.0,0.0,0.0,0.0,0.0,0.0,0.0,0.0,0.20491803278688525,2.7333333333333334,0.0,0.0,0.0,0.0,0.0,0.0,0.04,-0.7761194029850746,0.3625,0.08602150537634405,-0.16666666666666669,0.33333333333333337,3.0,0.0,0.0,0.0,0.0,False,True,False,False,False,False,False,False,False,False,False,False,False,False,False,False,False,False,False,False,False,False,False,False,False,True,False,False,False,False,False,False,False,False,False,False,False,False,False,False,False,False,False,False,False,False,False,False,False,False,False,False,False,False,False,False,False,False,False,False,False,False,False,False,False,False,False,False,False,False,False,False,False,False,False,False,True,False
0,0,0,0,0.0,2.4878048780487805,-0.07653910149750416,0.0,0.0,0.0,0.0,0.0,0.0,0.0,0.0,0.0,0.0,0.0,0.0,0.00819672131147541,0.26666666666666666,0.0,0.0,0.0,0.0,0.0,0.0,0.2,-1.291044776119403,-0.5458333333333333,-0.5053763440860216,0.8333333333333333,15.000000000000002,0.0,0.0,0.0,0.0,0.0,False,True,False,False,False,False,False,False,False,False,False,False,False,False,False,False,False,False,False,False,False,False,True,False,False,False,False,False,False,False,False,False,False,False,False,False,False,False,False,False,False,False,False,False,False,False,False,False,False,False,False,False,False,False,False,False,False,False,False,False,False,False,False,False,False,False,False,False,False,False,False,False,False,False,False,False,True,False
0,1,0,0,0.0,0.8466898954703833,1.1114808652246255,0.0,0.0,0.0,0.0,0.0,0.0,0.0,0.0,0.0,0.0,0.0,0.0,-0.040983606557377046,-0.13333333333333333,0.0,0.0,0.0,0.0,0.0,0.0,0.5,-1.2537313432835822,0.3625,0.08602150537634405,-0.16666666666666669,0.33333333333333337,3.0,0.0,0.0,0.0,0.0,False,True,False,False,False,False,False,False,False,False,False,False,False,False,False,False,False,False,False,False,False,False,False,False,False,True,False,False,False,False,False,False,False,False,False,False,False,False,False,False,False,False,False,False,False,False,False,False,False,False,False,False,False,False,False,False,False,False,False,False,False,False,False,False,False,False,False,False,False,False,False,False,False,False,False,False,True,False
0,1,0,0,0.0,0.7073170731707317,0.9767054908485857,0.0,0.0,0.0,0.0,0.0,0.0,0.0,0.0,0.0,0.0,0.0,0.0,-0.040983606557377046,-0.13333333333333333,0.0,0.0,0.0,0.0,0.0,0.0,0.5,-0.6268656716417911,0.3625,0.08602150537634405,-0.16666666666666669,0.33333333333333337,3.0,0.0,0.0,0.0,0.0,False,True,False,False,False,False,False,False,False,False,False,False,False,False,False,False,False,False,False,False,False,False,False,False,False,True,False,False,False,False,False,False,False,False,False,False,False,False,False,False,False,False,False,False,False,False,False,False,False,False,False,False,False,False,False,False,False,False,False,False,False,False,False,False,False,False,False,False,False,False,False,False,False,False,False,False,True,False
0,1,0,0,1.0,5.038327526132404,0.47587354409317806,0.0,0.0,0.0,0.0,0.0,0.0,0.0,0.0,0.0,0.0,0.0,0.0,-0.05737704918032787,-0.2,0.0,0.0,0.0,0.0,0.0,0.0,1.0,-0.4626865671641791,0.20833333333333334,-0.1075268817204302,0.3333333333333333,0.33333333333333337,1.0,0.0,0.0,0.0,0.0,False,True,False,False,False,False,False,False,False,False,False,False,False,False,False,False,False,False,False,False,False,False,False,False,False,False,False,False,False,False,False,False,False,False,False,False,False,False,False,False,False,False,False,False,False,False,False,False,False,False,False,False,True,False,False,False,False,False,False,False,False,False,False,False,False,False,False,False,False,False,False,False,False,False,False,False,True,False
0,1,0,0,0.0,0.8048780487804879,0.389351081530782,0.0,0.0,0.0,0.0,0.0,0.0,0.0,0.0,0.0,0.0,0.0,0.0,-0.040983606557377046,-0.2,0.0,0.0,0.0,0.0,0.0,0.0,0.0,0.0,0.3625,0.08602150537634405,-0.16666666666666669,0.0,0.0,0.0,0.0,0.0,0.0,False,True,False,False,False,False,False,False,False,False,False,False,False,False,False,False,False,False,False,False,False,False,False,False,False,True,False,False,False,False,False,False,False,False,False,False,False,False,False,False,False,False,False,False,False,False,False,False,False,False,False,False,False,False,False,False,False,False,False,False,False,False,False,False,False,False,False,False,False,False,False,False,False,False,False,False,True,False
0,1,0,0,0.0,0.5087108013937283,1.1846921797004992,0.0,0.0,0.0,0.0,0.0,0.0,0.0,0.0,0.0,0.0,0.0,0.0,-0.05737704918032787,-0.13333333333333333,0.0,0.0,0.0,0.0,0.0,0.0,0.75,-0.4626865671641791,0.3625,0.08602150537634405,-0.16666666666666669,0.33333333333333337,1.0,0.0,0.0,0.0,0.0,False,True,False,False,False,False,False,False,False,False,False,False,False,False,False,False,False,False,False,False,False,False,False,False,False,True,False,False,False,False,False,False,False,False,False,False,False,False,False,False,False,False,False,False,False,False,False,False,False,False,False,False,False,False,False,False,False,False,False,False,False,False,False,False,False,False,False,False,False,False,False,False,False,False,False,False,True,False
0,1,0,0,0.0,0.794425087108014,0.5823627287853578,0.0,0.0,0.0,0.0,0.0,0.0,0.0,0.0,0.0,0.0,0.0,0.0,0.0,0.13333333333333333,0.0,0.0,0.0,0.0,0.0,0.0,0.0,0.0,0.3625,0.08602150537634405,-0.16666666666666669,0.0,0.0,0.0,0.0,0.0,0.0,False,True,False,False,False,False,False,False,False,False,False,False,False,False,False,False,False,False,False,False,False,False,False,False,False,True,False,False,False,False,False,False,False,False,False,False,False,False,False,False,False,False,False,False,False,False,False,False,False,False,False,False,False,False,False,False,False,False,False,False,False,False,False,False,False,False,False,False,False,False,False,False,False,False,False,False,True,False
0,0,0,0,0.0,-0.03484320557491289,0.11480865224625623,0.0,0.0,0.0,0.0,0.0,0.0,0.0,0.0,0.0,0.0,0.0,0.0,-0.05737704918032787,-0.13333333333333333,0.0,0.0,0.0,0.0,0.0,0.0,0.75,0.0,0.2833333333333333,0.01075268817204302,0.0,0.33333333333333337,0.0,0.0,0.0,0.0,0.0,False,False,True,False,False,False,False,False,False,False,False,False,False,False,True,False,False,False,False,False,False,False,False,False,False,False,False,False,False,False,False,False,False,False,False,False,False,False,False,False,False,False,False,False,False,False,False,False,False,False,False,False,False,False,False,False,False,False,False,False,False,False,False,False,False,False,False,False,False,False,False,False,False,False,False,False,True,False
0,1,0,0,0.0,0.7700348432055749,8.613976705490849,0.0,0.0,0.0,0.0,0.0,0.0,0.0,0.0,0.0,0.0,0.0,0.0,-0.05737704918032787,-0.3333333333333333,0.0,0.0,0.0,0.0,0.0,0.0,0.0,-1.7388059701492538,0.3625,0.08602150537634405,-0.16666666666666669,1.6666666666666667,3.0,0.0,0.0,0.0,0.0,False,True,False,False,False,False,False,False,False,False,False,False,False,False,False,False,False,False,False,False,False,False,False,False,False,True,False,False,False,False,False,False,False,False,False,False,False,False,False,False,False,False,False,False,False,False,False,False,False,False,False,False,False,False,False,False,False,False,False,False,False,False,False,False,False,False,False,False,False,False,False,False,False,False,False,False,True,False
0,1,0,0,0.0,0.9198606271777003,0.7354409317803661,0.0,0.0,0.0,0.0,0.0,0.0,0.0,0.0,0.0,0.0,0.0,0.0,-0.040983606557377046,0.6666666666666666,0.0,0.0,0.0,0.0,0.0,0.0,0.12,-1.8805970149253732,-0.05,0.08602150537634405,-0.16666666666666669,11.000000000000002,4.0,0.0,0.01,0.0,0.0,False,True,False,False,False,False,False,False,False,False,False,False,False,False,False,False,False,False,False,False,False,False,False,False,False,True,False,False,False,False,False,False,False,False,False,False,False,False,False,False,False,False,False,False,False,False,False,False,False,False,False,False,False,False,False,False,False,False,False,False,False,False,False,False,False,False,False,False,False,False,False,False,False,False,False,False,True,False
0,1,0,0,0.0,0.554006968641115,1.0199667221297837,0.0,0.0,0.0,0.0,0.0,0.0,0.0,0.0,0.0,0.0,0.0,0.0,0.13114754098360656,1.2,0.0,0.0,0.0,0.0,0.0,0.0,0.0,0.0,0.3625,0.08602150537634405,-0.16666666666666669,0.0,0.0,0.0,0.0,0.0,0.0,False,True,False,False,False,False,False,False,False,False,False,False,False,False,False,False,False,False,False,False,False,False,False,False,False,True,False,False,False,False,False,False,False,False,False,False,False,False,False,False,False,False,False,False,False,False,False,False,False,False,False,False,False,False,False,False,False,False,False,False,False,False,False,False,False,False,False,False,False,False,False,False,False,False,False,False,True,False
0,1,0,0,0.0,1.0592334494773519,0.7387687188019967,0.0,0.0,0.0,0.0,0.0,0.0,0.0,0.0,0.0,0.0,0.0,0.0,0.1721311475409836,2.0,0.0,0.0,0.0,0.0,0.0,0.0,0.06,-1.6791044776119404,0.3625,0.08602150537634405,-0.16666666666666669,1.0,5.0,0.0,0.0,0.0,0.0,False,True,False,False,False,False,False,False,False,False,False,False,False,False,False,False,False,False,False,False,False,False,False,False,False,True,False,False,False,False,False,False,False,False,False,False,False,False,False,False,False,False,False,False,False,False,False,False,False,False,False,False,False,False,False,False,False,False,False,False,False,False,False,False,False,False,False,False,False,False,False,False,False,False,False,False,True,False
0,0,0,0,0.0,-0.18815331010452963,-0.07653910149750416,0.0,0.0,0.0,0.0,0.0,0.0,0.0,0.0,0.0,0.0,0.0,0.0,-0.05737704918032787,-0.3333333333333333,0.0,0.0,0.0,0.0,0.0,0.0,0.0,0.0,-0.16666666666666666,-0.45161290322580655,0.0,0.0,0.0,0.0,0.0,1.8333333333333335,1.8823529411764706,False,True,False,False,False,False,False,False,False,False,False,False,False,False,False,False,False,False,False,False,False,False,False,False,False,False,False,False,False,False,False,False,False,False,False,False,False,False,False,False,False,False,False,False,False,False,False,False,False,False,False,False,False,False,False,False,False,False,True,False,False,False,False,False,False,False,False,False,False,False,False,False,False,False,False,False,True,False
0,1,0,0,0.0,0.42160278745644597,2.7920133111480867,0.0,0.0,0.0,0.0,0.0,0.0,0.0,0.0,0.0,0.0,0.0,0.0,-0.05737704918032787,0.6,0.0,0.0,0.0,0.0,0.0,0.0,0.13,0.0,0.175,-0.1075268817204302,1.0000000000000002,0.0,0.0,0.01,0.0,0.36111111111111116,0.0,False,True,False,False,False,False,False,False,False,False,False,False,False,False,False,False,False,False,False,False,False,False,False,False,False,True,False,False,False,False,False,False,False,False,False,False,False,False,False,False,False,False,False,False,False,False,False,False,False,False,False,False,False,False,False,False,False,False,False,False,False,False,False,False,False,False,False,False,False,False,False,False,False,False,False,False,True,False
0,1,0,0,0.0,0.5609756097560976,0.6389351081530782,0.0,0.0,0.0,0.0,0.0,0.0,0.0,0.0,0.0,0.0,0.0,0.0,-0.05737704918032787,-0.3333333333333333,0.0,0.0,0.0,0.0,0.0,0.0,0.0,-1.6044776119402986,0.3625,0.08602150537634405,-0.16666666666666669,1.0,4.0,0.0,0.0,0.0,0.0,False,True,False,False,False,False,False,False,False,False,False,False,False,False,False,False,False,False,False,False,False,False,False,False,False,True,False,False,False,False,False,False,False,False,False,False,False,False,False,False,False,False,False,False,False,False,False,False,False,False,False,False,False,False,False,False,False,False,False,False,False,False,False,False,False,False,False,False,False,False,False,False,False,False,False,False,True,False
0,1,0,0,0.0,0.6445993031358885,100.80865224625624,0.0,0.0,0.0,0.0,0.0,0.0,0.0,0.0,0.0,0.0,0.0,0.0,-0.02459016393442623,-0.06666666666666667,0.0,0.0,0.0,0.0,0.0,0.0,0.0,-1.2537313432835822,0.3625,0.08602150537634405,-0.16666666666666669,0.33333333333333337,2.0,0.01,0.0,0.0,0.0,False,True,False,False,False,False,False,False,False,False,False,False,False,False,False,False,False,False,False,False,False,False,False,False,False,True,False,False,False,False,False,False,False,False,False,False,False,False,False,False,False,False,False,False,False,False,False,False,False,False,False,False,False,False,False,False,False,False,False,False,False,False,False,False,False,False,False,False,False,False,False,False,False,False,False,False,True,False
0,1,0,0,0.0,1.0696864111498259,1.9767054908485857,0.0,0.0,0.0,0.0,0.0,0.0,0.0,0.0,0.0,0.0,0.0,0.0,0.13114754098360656,1.2,0.0,0.0,0.0,0.0,0.0,0.0,0.0,0.0,0.3625,0.08602150537634405,-0.16666666666666669,0.0,0.0,0.0,0.0,0.0,0.0,False,True,False,False,False,False,False,False,False,False,False,False,False,False,False,False,False,False,False,False,False,False,False,False,False,True,False,False,False,False,False,False,False,False,False,False,False,False,False,False,False,False,False,False,False,False,False,False,False,False,False,False,False,False,False,False,False,False,False,False,False,False,False,False,False,False,False,False,False,False,False,False,False,False,False,False,True,False
0,1,0,0,0.0,0.9547038327526133,3.923460898502496,0.0,0.0,0.0,0.0,0.0,0.0,0.0,0.0,0.0,0.0,0.0,0.0,-0.04918032786885246,0.2,0.0,0.0,0.0,0.0,0.0,0.0,0.22,-0.4626865671641791,0.3625,0.08602150537634405,-0.16666666666666669,0.33333333333333337,4.0,0.0,0.0,0.0,0.0,False,True,False,False,False,False,False,False,False,False,False,False,False,False,False,False,False,False,False,False,False,False,False,False,False,True,False,False,False,False,False,False,False,False,False,False,False,False,False,False,False,False,False,False,False,False,False,False,False,False,False,False,False,False,False,False,False,False,False,False,False,False,False,False,False,False,False,False,False,False,False,False,False,False,False,False,True,False
0,1,0,0,0.0,0.6306620209059234,21.259567387687188,0.0,0.0,0.0,0.0,0.0,0.0,0.0,0.0,0.0,0.0,0.0,0.0,-0.04918032786885246,-0.26666666666666666,0.0,0.0,0.0,0.0,0.0,0.0,0.0,0.0,0.3625,0.08602150537634405,-0.16666666666666669,0.0,0.0,0.0,0.0,0.0,0.0,False,True,False,False,False,False,False,False,False,False,False,False,False,False,False,False,False,False,False,False,False,False,False,False,False,True,False,False,False,False,False,False,False,False,False,False,False,False,False,False,False,False,False,False,False,False,False,False,False,False,False,False,False,False,False,False,False,False,False,False,False,False,False,False,False,False,False,False,False,False,False,False,False,False,False,False,True,False
0,1,0,0,0.0,0.9512195121951219,18.111480865224625,0.0,0.0,0.0,0.0,0.0,0.0,0.0,0.0,0.0,0.0,0.0,0.0,0.09016393442622951,0.9333333333333333,0.0,0.0,0.0,0.0,0.0,0.0,0.1,0.0,0.3625,0.08602150537634405,-0.16666666666666669,0.0,0.0,0.0,0.0,0.0,0.0,False,True,False,False,False,False,False,False,False,False,False,False,False,False,False,False,False,False,False,False,False,False,False,False,False,True,False,False,False,False,False,False,False,False,False,False,False,False,False,False,False,False,False,False,False,False,False,False,False,False,False,False,False,False,False,False,False,False,False,False,False,False,False,False,False,False,False,False,False,False,False,False,False,False,False,False,True,False
0,1,0,0,0.0,0.5261324041811847,3.4509151414309485,0.0,0.0,0.0,0.0,0.0,0.0,0.0,0.0,0.0,0.0,0.0,0.0,-0.00819672131147541,0.5333333333333333,0.0,0.0,0.0,0.0,0.0,0.0,0.14,0.0,0.3625,0.08602150537634405,-0.16666666666666669,0.0,0.0,0.0,0.0,0.0,0.0,False,True,False,False,False,False,False,False,False,False,False,False,False,False,False,False,False,False,False,False,False,False,False,False,False,True,False,False,False,False,False,False,False,False,False,False,False,False,False,False,False,False,False,False,False,False,False,False,False,False,False,False,False,False,False,False,False,False,False,False,False,False,False,False,False,False,False,False,False,False,False,False,False,False,False,False,True,False
0,1,0,0,0.0,0.8710801393728222,2.2196339434276204,0.0,0.0,0.0,0.0,0.0,0.0,0.0,0.0,0.0,0.0,0.0,0.0,-0.040983606557377046,-0.2,0.0,0.0,0.0,0.0,0.0,0.0,0.0,0.0,0.21666666666666667,-0.06451612903225813,0.16666666666666669,0.0,0.0,0.0,0.0,0.22222222222222224,0.0,False,True,False,False,False,False,False,False,False,False,False,False,False,False,False,False,False,False,False,False,False,False,False,False,False,True,False,False,False,False,False,False,False,False,False,False,False,False,False,False,False,False,False,False,False,False,False,False,False,False,False,False,False,False,False,False,False,False,False,False,False,False,False,False,False,False,False,False,False,False,False,False,False,False,False,False,True,False
0,1,0,0,0.0,0.8606271777003485,6.321131447587354,0.0,0.0,0.0,0.0,0.0,0.0,0.0,0.0,0.0,0.0,0.0,0.0,0.07377049180327869,0.7333333333333333,0.0,0.0,0.0,0.0,0.0,0.0,0.0,0.0,0.3625,0.08602150537634405,-0.16666666666666669,0.0,0.0,0.0,0.0,0.0,0.0,False,True,False,False,False,False,False,False,False,False,False,False,False,False,False,False,False,False,False,False,False,False,False,False,False,True,False,False,False,False,False,False,False,False,False,False,False,False,False,False,False,False,False,False,False,False,False,False,False,False,False,False,False,False,False,False,False,False,False,False,False,False,False,False,False,False,False,False,False,False,False,False,False,False,False,False,True,False
0,0,0,0,0.0,-0.18118466898954705,1387.8818635607322,0.0,0.0,6.0,0.0,0.0,0.0,0.0,0.0,0.0,0.0,0.0,0.0,-0.05737704918032787,-0.3333333333333333,1.0,1.0,0.0,0.0,0.0,0.0,0.0,0.0,-0.6916666666666667,-0.9784946236559141,0.3333333333333333,0.0,0.0,0.45,1.0,0.05555555555555556,0.0,False,True,False,False,False,False,False,False,False,False,False,False,False,False,False,False,False,False,False,False,False,False,False,False,False,False,False,False,False,False,False,False,False,False,False,False,False,False,False,False,False,False,False,False,False,False,False,False,True,False,False,False,False,False,False,False,False,False,False,False,False,False,False,False,False,False,False,False,False,False,False,False,False,True,False,False,False,False
0,1,0,0,0.0,0.5853658536585366,2.782029950083195,0.0,0.0,0.0,0.0,0.0,0.0,0.0,0.0,0.0,0.0,0.0,0.0,-0.03278688524590164,-0.13333333333333333,0.0,0.0,0.0,0.0,0.0,0.0,0.0,0.0,0.3625,0.08602150537634405,-0.16666666666666669,0.0,0.0,0.0,0.0,0.0,0.0,False,True,False,False,False,False,False,False,False,False,False,False,False,False,False,False,False,False,False,False,False,False,False,False,False,True,False,False,False,False,False,False,False,False,False,False,False,False,False,False,False,False,False,False,False,False,False,False,False,False,False,False,False,False,False,False,False,False,False,False,False,False,False,False,False,False,False,False,False,False,False,False,False,False,False,False,True,False
0,0,0,0,0.0,-0.0313588850174216,-0.0016638935108153079,0.0,0.0,0.0,0.0,0.0,0.0,0.0,0.0,0.0,0.0,0.0,0.0,0.5327868852459017,9.333333333333334,0.0,0.0,0.0,0.0,-0.013333333333333345,0.5,0.01,0.0,0.35833333333333334,0.08602150537634405,0.0,0.33333333333333337,0.0,0.0,0.0,0.0,0.0,False,False,True,False,False,False,False,False,False,False,False,False,False,False,True,False,False,False,False,False,False,False,False,False,False,False,False,False,False,False,False,False,False,False,False,False,False,False,False,False,False,False,False,False,False,False,False,False,False,False,False,False,False,False,False,False,False,False,False,False,False,False,False,False,False,False,False,False,False,False,False,False,False,False,False,False,True,False
0,1,0,0,0.0,1.494773519163763,11.302828618968386,0.0,0.0,0.0,0.0,0.0,0.0,0.0,0.0,0.0,0.0,0.0,0.0,-0.04918032786885246,-0.26666666666666666,0.0,0.0,0.0,0.0,0.0,0.0,0.0,0.0,0.3625,0.08602150537634405,-0.16666666666666669,0.0,0.0,0.0,0.0,0.0,0.0,False,True,False,False,False,False,False,False,False,False,False,False,False,False,False,False,False,False,False,False,False,False,False,False,False,True,False,False,False,False,False,False,False,False,False,False,False,False,False,False,False,False,False,False,False,False,False,False,False,False,False,False,False,False,False,False,False,False,False,False,False,False,False,False,False,False,False,False,False,False,False,False,False,False,False,False,True,False
0,1,0,0,0.0,57.47735191637631,0.4858569051580699,0.0,0.0,0.0,0.0,0.0,0.0,0.0,0.0,0.0,0.0,0.0,0.0,-0.05737704918032787,-0.3333333333333333,0.0,0.0,0.0,0.0,0.0,0.0,0.0,-0.23134328358208955,-0.10833333333333334,-0.31182795698924737,0.3333333333333333,0.0,0.0,0.0,0.0,0.0,0.058823529411764705,False,True,False,False,False,False,False,False,False,False,False,False,False,False,False,False,False,False,False,False,False,False,False,False,False,False,False,False,False,False,False,False,False,False,False,False,False,False,False,False,False,False,False,False,False,False,False,False,False,False,False,False,True,False,False,False,False,False,False,False,False,False,False,False,False,False,False,False,False,False,False,False,False,False,False,False,True,False
0,1,0,0,0.0,0.6376306620209059,2.7337770382695505,0.0,0.0,0.0,0.0,0.0,0.0,0.0,0.0,0.0,0.0,0.0,0.0,0.01639344262295082,0.26666666666666666,0.0,0.0,0.0,0.0,0.0,0.0,0.0,-1.0522388059701493,0.3625,0.08602150537634405,-0.16666666666666669,0.33333333333333337,2.0,0.0,0.0,0.0,0.0,False,True,False,False,False,False,False,False,False,False,False,False,False,False,False,False,False,False,False,False,False,False,False,False,False,True,False,False,False,False,False,False,False,False,False,False,False,False,False,False,False,False,False,False,False,False,False,False,False,False,False,False,False,False,False,False,False,False,False,False,False,False,False,False,False,False,False,False,False,False,False,False,False,False,False,False,True,False
0,0,0,0,1.0,-0.18815331010452963,-0.051580698835274545,0.0,0.0,0.0,0.0,0.0,0.0,0.0,0.0,0.0,0.0,0.0,0.0,-0.05737704918032787,0.13333333333333333,0.0,0.12,4.0,7.142857142857142,0.0,0.0,0.75,-1.6865671641791045,-0.3416666666666667,-0.6559139784946239,2.666666666666667,1.0,2.0,0.0,0.0,2.3055555555555554,4.1764705882352935,False,True,False,False,False,False,False,False,False,False,False,False,False,False,False,False,False,False,False,False,False,False,False,False,False,False,False,False,False,False,False,False,False,False,False,False,False,False,False,False,False,False,False,False,False,False,False,False,False,False,False,False,False,False,False,False,False,False,True,False,False,False,False,False,False,False,False,False,False,True,False,False,False,False,False,False,False,False
0,1,0,0,1.0,3.4878048780487805,0.5291181364392679,0.0,0.0,0.0,0.0,0.0,0.0,0.0,0.0,0.0,0.0,0.0,0.0,-0.05737704918032787,-0.26666666666666666,0.0,0.0,0.0,0.0,0.0,0.0,1.0,-0.8432835820895522,0.1,-0.11827956989247311,0.3333333333333333,0.33333333333333337,1.0,0.0,0.0,0.05555555555555556,0.1764705882352941,False,True,False,False,False,False,False,False,False,False,False,False,False,False,False,False,False,False,False,False,False,False,False,False,False,False,False,False,False,False,False,False,False,False,False,False,False,False,False,False,False,False,False,False,False,False,False,False,False,False,False,False,True,False,False,False,False,False,False,False,False,False,False,False,False,False,False,False,False,False,False,False,False,False,False,False,True,False
0,1,0,0,0.0,0.5714285714285714,1.5590682196339434,0.0,0.0,0.0,0.0,0.0,0.0,0.0,0.0,0.0,0.0,0.0,0.0,0.08196721311475409,0.8,0.0,0.0,0.0,0.0,0.0,0.0,0.0,0.0,0.3625,0.08602150537634405,-0.16666666666666669,0.0,0.0,0.01,0.01,0.0,0.0,False,True,False,False,False,False,False,False,False,False,False,False,False,False,False,False,False,False,False,False,False,False,False,False,False,True,False,False,False,False,False,False,False,False,False,False,False,False,False,False,False,False,False,False,False,False,False,False,False,False,False,False,False,False,False,False,False,False,False,False,False,False,False,False,False,False,False,False,False,False,False,False,False,False,False,False,True,False
0,1,0,0,0.0,0.8222996515679443,3.6955074875207985,0.0,0.0,0.0,0.0,0.0,0.0,0.0,0.0,0.0,0.0,0.0,0.0,-0.03278688524590164,-0.06666666666666667,0.0,0.0,0.0,0.0,0.0,0.0,0.4,-1.8208955223880596,0.35833333333333334,0.08602150537634405,-0.16666666666666669,3.0,3.0,0.0,0.0,0.0,0.0,False,True,False,False,False,False,False,False,False,False,False,False,False,False,False,False,False,False,False,False,False,False,False,False,False,True,False,False,False,False,False,False,False,False,False,False,False,False,False,False,False,False,False,False,False,False,False,False,False,False,False,False,False,False,False,False,False,False,False,False,False,False,False,False,False,False,False,False,False,False,False,False,False,False,False,False,True,False
0,1,0,0,0.0,0.5853658536585366,13.86522462562396,0.0,0.0,0.0,0.0,0.0,0.0,0.0,0.0,0.0,0.0,0.0,0.0,0.0,0.26666666666666666,0.0,0.0,0.0,0.0,0.0,0.0,0.2,-1.5522388059701493,0.3625,0.08602150537634405,-0.16666666666666669,0.6666666666666667,1.0,0.0,0.0,0.0,0.0,False,True,False,False,False,False,False,False,False,False,False,False,False,False,False,False,False,False,False,False,False,False,False,False,False,True,False,False,False,False,False,False,False,False,False,False,False,False,False,False,False,False,False,False,False,False,False,False,False,False,False,False,False,False,False,False,False,False,False,False,False,False,False,False,False,False,False,False,False,False,False,False,False,False,False,False,True,False
0,1,0,0,0.0,0.7560975609756098,8.54575707154742,0.0,0.0,0.0,0.0,0.0,0.0,0.0,0.0,0.0,0.0,0.0,0.0,0.05737704918032787,0.6666666666666666,0.0,0.0,0.0,0.0,0.0,0.0,0.12,0.0,0.3625,0.08602150537634405,-0.16666666666666669,0.0,0.0,0.0,0.0,0.0,0.0,False,True,False,False,False,False,False,False,False,False,False,False,False,False,False,False,False,False,False,False,False,False,False,False,False,True,False,False,False,False,False,False,False,False,False,False,False,False,False,False,False,False,False,False,False,False,False,False,False,False,False,False,False,False,False,False,False,False,False,False,False,False,False,False,False,False,False,False,False,False,False,False,False,False,False,False,True,False
0,0,0,0,0.0,-0.18815331010452963,-0.07653910149750416,0.0,0.0,0.0,0.0,0.0,0.0,0.0,0.0,0.0,0.0,0.0,0.0,0.9016393442622951,0.8666666666666667,0.0,0.0,4.0,14.285714285714285,-1.1199999999999999,0.8333333333333334,0.0,0.0,-0.6208333333333333,-0.9139784946236561,0.6666666666666667,0.0,0.0,0.0,0.0,2.7777777777777777,5.88235294117647,False,True,False,False,False,False,False,False,False,False,False,False,False,False,False,False,False,False,False,False,False,False,False,False,False,False,False,False,False,False,False,True,False,False,False,False,False,False,False,False,False,False,False,False,False,False,False,False,False,False,False,False,False,False,False,False,False,False,False,False,False,False,False,False,False,False,False,False,True,False,False,False,False,False,False,False,False,False
0,1,0,0,0.0,0.8501742160278746,0.39434276206322794,0.0,0.0,0.0,0.0,0.0,0.0,0.0,0.0,0.0,0.0,0.0,0.0,-0.05737704918032787,-0.3333333333333333,0.0,0.0,0.0,0.0,0.0,0.0,0.0,0.0,0.3625,0.08602150537634405,-0.16666666666666669,0.0,0.0,0.0,0.0,0.0,0.0,False,True,False,False,False,False,False,False,False,False,False,False,False,False,False,False,False,False,False,False,False,False,False,False,False,True,False,False,False,False,False,False,False,False,False,False,False,False,False,False,False,False,False,False,False,False,False,False,False,False,False,False,False,False,False,False,False,False,False,False,False,False,False,False,False,False,False,False,False,False,False,False,False,False,False,False,True,False
0,0,0,0,0.0,-0.03484320557491289,0.10981697171381032,0.0,0.0,0.0,0.0,0.0,0.0,0.0,0.0,0.0,0.0,0.0,0.0,-0.040983606557377046,-0.06666666666666667,0.0,0.0,0.0,0.0,0.0,0.0,0.4,0.0,0.2375,-0.04301075268817208,0.0,0.33333333333333337,0.0,0.0,0.0,0.11111111111111112,0.0,False,False,True,False,False,False,False,False,False,False,False,False,False,False,True,False,False,False,False,False,False,False,False,False,False,False,False,False,False,False,False,False,False,False,False,False,False,False,False,False,False,False,False,False,False,False,False,False,False,False,False,False,False,False,False,False,False,False,False,False,False,False,False,False,False,False,False,False,False,False,False,False,False,False,False,False,True,False
0,1,0,0,0.0,0.5818815331010453,0.43926788685524126,0.0,0.0,0.0,0.0,0.0,0.0,0.0,0.0,0.0,0.0,0.0,0.0,-0.01639344262295082,0.0,0.0,0.0,0.0,0.0,0.0,0.0,0.0,-0.6492537313432836,0.3625,0.08602150537634405,-0.16666666666666669,0.33333333333333337,2.0,0.0,0.0,0.0,0.0,False,True,False,False,False,False,False,False,False,False,False,False,False,False,False,False,False,False,False,False,False,False,False,False,False,True,False,False,False,False,False,False,False,False,False,False,False,False,False,False,False,False,False,False,False,False,False,False,False,False,False,False,False,False,False,False,False,False,False,False,False,False,False,False,False,False,False,False,False,False,False,False,False,False,False,False,True,False
0,1,0,0,0.0,78.44599303135888,0.4841930116472546,0.0,0.0,0.0,0.0,0.0,0.0,0.0,0.0,0.0,0.0,0.0,0.0,-0.05737704918032787,-0.26666666666666666,0.0,0.0,0.0,0.0,0.0,0.0,1.0,-1.1567164179104477,0.041666666666666664,-0.16129032258064518,0.5,0.33333333333333337,1.0,0.0,0.0,0.0,0.0,False,True,False,False,False,False,False,False,False,False,False,False,False,False,False,False,False,False,False,False,False,False,False,False,False,False,False,False,False,False,False,False,False,False,False,False,False,False,False,False,False,False,False,False,False,False,False,False,False,False,False,False,True,False,False,False,False,False,False,False,False,False,False,False,False,False,False,False,False,False,False,False,False,False,False,False,True,False
0,1,0,0,0.0,1.0034843205574913,1.0299500831946755,0.0,0.0,0.0,0.0,0.0,0.0,0.0,0.0,0.0,0.0,0.0,0.0,0.00819672131147541,0.26666666666666666,0.0,0.0,0.0,0.0,0.0,0.0,0.2,-1.6567164179104477,0.3625,0.08602150537634405,-0.16666666666666669,2.0,5.0,0.0,0.0,0.0,0.0,False,True,False,False,False,False,False,False,False,False,False,False,False,False,False,False,False,False,False,False,False,False,False,False,False,True,False,False,False,False,False,False,False,False,False,False,False,False,False,False,False,False,False,False,False,False,False,False,False,False,False,False,False,False,False,False,False,False,False,False,False,False,False,False,False,False,False,False,False,False,False,False,False,False,False,False,True,False
0,1,0,0,0.0,0.4808362369337979,22.10648918469218,0.0,0.0,0.0,0.0,0.0,0.0,0.0,0.0,0.0,0.0,1.0,0.0,-0.05737704918032787,-0.3333333333333333,0.0,0.0,0.0,0.0,0.0,0.0,0.0,0.0,-0.15416666666666667,-0.4408602150537635,0.3333333333333333,0.0,0.0,0.0,0.0,0.02777777777777778,0.0,False,True,False,False,False,False,False,False,False,False,False,False,False,False,False,False,False,False,False,False,False,False,False,False,False,True,False,False,False,False,False,False,False,False,False,False,False,False,False,False,False,False,False,False,False,False,False,False,False,False,False,False,False,False,False,False,False,False,False,False,False,False,False,False,False,False,False,False,False,False,False,False,False,False,False,False,True,False
0,0,0,0,0.0,-0.11149825783972125,0.048252911813643926,0.0,0.0,0.0,0.0,0.0,0.0,0.0,0.0,0.0,0.0,0.0,0.0,-0.040983606557377046,-0.2,0.0,0.0,0.0,0.0,-0.43999999999999995,11.166666666666668,0.67,-0.8507462686567164,-0.14166666666666666,0.03225806451612894,0.16666666666666669,0.33333333333333337,0.0,0.0,0.0,0.0,0.0,False,False,True,False,False,False,False,False,False,False,False,False,False,False,True,False,False,False,False,False,False,False,False,False,False,False,False,False,False,False,False,False,False,False,False,False,False,False,False,False,False,False,False,False,False,False,False,False,False,False,False,False,False,False,False,False,False,False,False,False,False,False,False,False,False,False,False,False,False,False,False,False,False,False,False,False,True,False
0,0,0,0,0.0,0.17770034843205576,-0.07653910149750416,0.0,0.0,0.0,0.0,0.0,0.0,0.0,0.0,0.0,0.0,0.0,0.0,-0.05737704918032787,-0.3333333333333333,0.0,0.0,0.0,0.0,0.0,0.0,0.0,-1.5149253731343284,-0.4875,0.06451612903225801,0.5,0.6666666666666667,0.0,0.0,0.0,0.0,0.0,False,False,True,False,False,False,False,False,False,False,False,False,False,False,False,False,False,False,False,False,False,False,False,False,False,False,False,False,False,False,False,False,False,False,False,False,False,False,False,False,False,False,False,False,False,False,False,False,True,False,False,False,False,False,False,False,False,False,False,False,False,False,False,False,False,False,False,False,False,False,False,False,False,False,False,False,True,False
0,1,0,0,0.0,0.49825783972125437,2.394342762063228,0.0,0.0,0.0,0.0,0.0,0.0,0.0,0.0,0.0,0.0,0.0,0.0,0.06557377049180328,0.7333333333333333,0.0,0.0,0.0,0.0,0.0,0.0,0.12,0.0,0.3625,0.08602150537634405,-0.16666666666666669,0.0,0.0,0.0,0.0,0.0,0.0,False,True,False,False,False,False,False,False,False,False,False,False,False,False,False,False,False,False,False,False,False,False,False,False,False,True,False,False,False,False,False,False,False,False,False,False,False,False,False,False,False,False,False,False,False,False,False,False,False,False,False,False,False,False,False,False,False,False,False,False,False,False,False,False,False,False,False,False,False,False,False,False,False,False,False,False,True,False
0,1,0,0,0.0,0.8432055749128919,10.70881863560732,0.0,0.0,0.0,0.0,0.0,0.0,0.0,0.0,0.0,0.0,0.0,0.0,0.12295081967213115,1.4,0.0,0.0,0.0,0.0,0.0,0.0,0.15,0.0,0.3625,0.08602150537634405,-0.16666666666666669,0.0,0.0,0.0,0.0,0.0,0.0,False,True,False,False,False,False,False,False,False,False,False,False,False,False,False,False,False,False,False,False,False,False,False,False,False,True,False,False,False,False,False,False,False,False,False,False,False,False,False,False,False,False,False,False,False,False,False,False,False,False,False,False,False,False,False,False,False,False,False,False,False,False,False,False,False,False,False,False,False,False,False,False,False,False,False,False,True,False
0,1,0,0,8.0,14.637630662020905,0.5341098169717138,0.0,0.0,0.0,0.0,0.0,0.0,0.0,0.0,0.0,0.0,0.0,0.0,-0.05737704918032787,-0.3333333333333333,0.0,0.0,0.0,0.0,0.0,0.0,0.0,-0.835820895522388,-0.06666666666666667,-0.09677419354838719,0.3333333333333333,0.33333333333333337,1.0,0.0,0.0,0.0,0.0,False,True,False,False,False,False,False,False,False,False,False,False,False,False,False,False,False,False,False,False,False,False,False,False,False,False,False,False,False,False,False,False,False,False,False,False,False,False,False,False,False,False,False,False,False,False,False,False,False,False,False,False,True,False,False,False,False,False,False,False,False,False,False,False,False,False,False,False,False,False,False,False,False,False,False,False,True,False
0,0,0,0,0.0,-0.03484320557491289,-0.0033277870216306157,0.0,0.0,0.0,0.0,0.0,0.0,0.0,0.0,0.0,0.0,0.0,0.0,-0.04918032786885246,-0.2,0.0,0.0,0.0,0.0,0.0,0.0,0.67,0.0,0.3,0.021505376344085923,0.0,0.33333333333333337,0.0,0.0,0.0,0.11111111111111112,0.0,False,False,True,False,False,False,False,False,False,False,False,False,False,False,True,False,False,False,False,False,False,False,False,False,False,False,False,False,False,False,False,False,False,False,False,False,False,False,False,False,False,False,False,False,False,False,False,False,False,False,False,False,False,False,False,False,False,False,False,False,False,False,False,False,False,False,False,False,False,False,False,False,False,False,False,False,True,False
0,0,0,0,0.0,-0.003484320557491289,0.011647254575707155,0.0,0.0,0.0,0.0,0.0,0.0,0.0,0.0,0.0,0.0,0.0,0.0,4.122950819672131,33.666666666666664,0.0,0.0,0.0,0.0,0.0,0.0,0.0,0.0,0.3625,0.08602150537634405,-0.16666666666666669,26.000000000000004,0.0,0.0,0.0,0.0,0.0,False,False,True,False,False,False,False,False,False,False,False,False,False,False,False,False,False,False,False,False,False,False,False,False,False,False,False,False,False,False,False,False,False,False,False,False,False,False,False,False,False,False,False,False,False,False,False,False,True,False,False,False,False,False,False,False,False,False,False,False,False,False,False,False,False,False,False,False,False,False,False,False,False,False,False,False,True,False
0,0,0,0,0.0,0.17770034843205576,-0.07653910149750416,0.0,0.0,0.0,0.0,0.0,0.0,0.0,0.0,0.0,0.0,0.0,0.0,-0.05737704918032787,-0.3333333333333333,0.0,0.0,0.0,0.0,0.0,0.0,0.0,0.0,0.3541666666666667,0.07526881720430102,0.0,0.33333333333333337,0.0,0.0,0.0,0.0,0.0,False,False,True,False,False,False,False,False,False,False,False,False,False,False,False,False,False,False,False,False,False,False,False,False,False,False,False,False,False,False,False,False,False,False,False,False,False,False,False,False,False,False,False,False,False,False,False,False,True,False,False,False,False,False,False,False,False,False,False,False,False,False,False,False,False,False,False,False,False,False,False,False,False,False,False,False,True,False
0,1,0,0,0.0,1.0,3.7753743760399336,0.0,0.0,0.0,0.0,0.0,0.0,0.0,0.0,0.0,0.0,0.0,0.0,0.1721311475409836,1.7333333333333334,0.0,0.0,0.0,0.0,0.0,0.0,0.12,0.0,0.3625,0.08602150537634405,-0.16666666666666669,0.0,0.0,0.0,0.0,0.0,0.0,False,True,False,False,False,False,False,False,False,False,False,False,False,False,False,False,False,False,False,False,False,False,False,False,False,True,False,False,False,False,False,False,False,False,False,False,False,False,False,False,False,False,False,False,False,False,False,False,False,False,False,False,False,False,False,False,False,False,False,False,False,False,False,False,False,False,False,False,False,False,False,False,False,False,False,False,True,False
0,1,0,0,0.0,0.5296167247386759,0.9234608985024958,0.0,0.0,0.0,0.0,0.0,0.0,0.0,0.0,0.0,0.0,0.0,0.0,0.00819672131147541,0.2,0.0,0.0,0.0,0.0,0.0,0.0,0.0,-0.7238805970149254,0.3625,0.08602150537634405,-0.16666666666666669,0.33333333333333337,2.0,0.0,0.0,0.0,0.0,False,True,False,False,False,False,False,False,False,False,False,False,False,False,False,False,False,False,False,False,False,False,False,False,False,True,False,False,False,False,False,False,False,False,False,False,False,False,False,False,False,False,False,False,False,False,False,False,False,False,False,False,False,False,False,False,False,False,False,False,False,False,False,False,False,False,False,False,False,False,False,False,False,False,False,False,True,False
0,1,0,0,0.0,0.8327526132404182,0.44093178036605657,0.0,0.0,0.0,0.0,0.0,0.0,0.0,0.0,0.0,0.0,0.0,0.0,-0.04918032786885246,-0.2,0.0,0.0,0.0,0.0,0.0,0.0,0.67,-1.835820895522388,0.3625,0.08602150537634405,-0.16666666666666669,3.666666666666667,2.0,0.0,0.0,0.0,0.0,False,True,False,False,False,False,False,False,False,False,False,False,False,False,False,False,False,False,False,False,False,False,False,False,False,True,False,False,False,False,False,False,False,False,False,False,False,False,False,False,False,False,False,False,False,False,False,False,False,False,False,False,False,False,False,False,False,False,False,False,False,False,False,False,False,False,False,False,False,False,False,False,False,False,False,False,True,False
0,1,0,0,1.0,13.853658536585366,0.47587354409317806,0.0,0.0,0.0,0.0,0.0,0.0,0.0,0.0,0.0,0.0,1.0,0.0,-0.05737704918032787,-0.2,0.0,0.0,0.0,0.0,0.0,0.0,1.0,-0.7910447761194029,-0.275,-0.3870967741935484,0.3333333333333333,0.33333333333333337,2.0,0.0,0.0,0.0,0.0,False,True,False,False,False,False,False,False,False,False,False,False,False,False,False,False,False,False,False,False,False,False,False,False,False,False,False,False,False,False,False,False,False,False,False,False,False,False,False,False,False,False,False,False,False,False,False,False,False,False,False,False,True,False,False,False,False,False,False,False,False,False,False,False,False,False,False,False,False,False,False,False,False,False,False,False,True,False
0,1,0,0,0.0,0.6585365853658537,0.49750415973377704,0.0,0.0,0.0,0.0,0.0,0.0,0.0,0.0,0.0,0.0,0.0,0.0,0.13934426229508196,1.3333333333333333,0.0,0.0,0.0,0.0,0.0,0.0,0.08,-1.1044776119402986,0.3625,0.08602150537634405,-0.16666666666666669,0.33333333333333337,3.0,0.0,0.0,0.0,0.0,False,True,False,False,False,False,False,False,False,False,False,False,False,False,False,False,False,False,False,False,False,False,False,False,False,True,False,False,False,False,False,False,False,False,False,False,False,False,False,False,False,False,False,False,False,False,False,False,False,False,False,False,False,False,False,False,False,False,False,False,False,False,False,False,False,False,False,False,False,False,False,False,False,False,False,False,True,False
0,0,0,0,0.0,-0.0627177700348432,-0.07653910149750416,0.0,0.0,0.0,0.0,0.0,0.0,0.0,0.0,0.0,0.0,0.0,0.0,-0.05737704918032787,-0.3333333333333333,0.0,0.0,0.0,0.0,0.0,0.0,0.0,-0.8731343283582089,-0.5458333333333333,-0.6989247311827957,0.8333333333333333,9.000000000000002,0.0,0.01,0.0,0.0,0.0,True,False,False,False,False,False,False,False,False,False,False,False,False,False,False,False,False,False,False,False,False,False,False,False,False,False,False,False,False,False,False,False,False,False,False,False,False,False,False,False,False,False,False,False,False,False,False,False,False,False,False,False,False,False,False,False,False,False,False,False,False,False,True,False,False,False,False,False,False,False,False,False,False,False,False,False,True,False
0,0,0,0,0.0,148.1114982578397,-0.07653910149750416,0.0,0.0,0.0,0.0,0.0,0.0,0.0,0.0,0.0,0.0,0.0,0.0,-0.05737704918032787,-0.3333333333333333,0.0,0.0,0.0,0.0,0.0,0.0,0.0,-1.455223880597015,-0.6291666666666667,-0.849462365591398,1.1666666666666667,4.333333333333334,12.0,0.0,0.06,0.0,0.0,False,True,False,False,False,False,False,False,False,False,False,False,False,False,False,False,False,False,False,False,False,False,True,False,False,False,False,False,False,False,False,False,False,False,False,False,False,False,False,False,False,False,False,False,False,False,False,False,False,False,False,False,False,False,False,False,False,False,False,False,False,False,False,False,False,False,False,False,False,False,False,False,False,False,False,False,True,False
0,1,0,0,0.0,1.0209059233449478,0.7903494176372712,0.0,0.0,0.0,0.0,0.0,0.0,0.0,0.0,0.0,0.0,0.0,0.0,-0.03278688524590164,-0.13333333333333333,0.0,0.0,0.0,0.0,0.0,0.0,0.0,0.0,0.3625,0.08602150537634405,-0.16666666666666669,0.0,0.0,0.0,0.0,0.0,0.0,False,True,False,False,False,False,False,False,False,False,False,False,False,False,False,False,False,False,False,False,False,False,False,False,False,True,False,False,False,False,False,False,False,False,False,False,False,False,False,False,False,False,False,False,False,False,False,False,False,False,False,False,False,False,False,False,False,False,False,False,False,False,False,False,False,False,False,False,False,False,False,False,False,False,False,False,True,False
0,1,0,0,0.0,0.5365853658536586,0.4043261231281198,0.0,0.0,0.0,0.0,0.0,0.0,0.0,0.0,0.0,0.0,0.0,0.0,0.00819672131147541,0.3333333333333333,0.0,0.0,0.0,0.0,0.0,0.0,0.27,0.0,0.3625,0.08602150537634405,-0.16666666666666669,0.0,0.0,0.0,0.0,0.0,0.0,False,True,False,False,False,False,False,False,False,False,False,False,False,False,False,False,False,False,False,False,False,False,False,False,False,True,False,False,False,False,False,False,False,False,False,False,False,False,False,False,False,False,False,False,False,False,False,False,False,False,False,False,False,False,False,False,False,False,False,False,False,False,False,False,False,False,False,False,False,False,False,False,False,False,False,False,True,False
0,1,0,0,0.0,0.6689895470383276,7.116472545757071,0.0,0.0,0.0,0.0,0.0,0.0,0.0,0.0,0.0,0.0,0.0,0.0,-0.00819672131147541,0.06666666666666667,0.0,0.0,0.0,0.0,0.0,0.0,0.0,-0.6865671641791045,0.3625,0.08602150537634405,-0.16666666666666669,0.33333333333333337,1.0,0.0,0.0,0.0,0.0,False,True,False,False,False,False,False,False,False,False,False,False,False,False,False,False,False,False,False,False,False,False,False,False,False,True,False,False,False,False,False,False,False,False,False,False,False,False,False,False,False,False,False,False,False,False,False,False,False,False,False,False,False,False,False,False,False,False,False,False,False,False,False,False,False,False,False,False,False,False,False,False,False,False,False,False,True,False
0,0,0,0,0.0,-0.18466898954703834,-0.07653910149750416,0.0,0.0,0.0,0.0,0.0,0.0,0.0,0.0,0.0,0.0,0.0,0.0,1.1065573770491803,0.2,0.0,0.0,0.0,0.0,-1.2533333333333332,11.666666666666666,0.0,0.0,-0.6625,-0.946236559139785,14.166666666666666,33.333333333333336,0.0,0.0,0.0,0.0,0.0,False,False,True,False,False,False,False,False,False,False,False,False,False,False,False,False,False,False,False,False,False,False,False,False,False,False,False,False,False,False,False,False,False,False,False,False,False,False,False,False,False,False,False,False,False,False,False,False,True,False,False,False,False,False,False,False,False,False,False,False,False,False,False,False,False,False,False,False,False,False,False,False,False,False,False,False,True,False
0,1,0,0,0.0,0.6236933797909407,3.4226289517470883,0.0,0.0,0.0,0.0,0.0,0.0,0.0,0.0,0.0,0.0,0.0,0.0,-0.05737704918032787,-0.06666666666666667,0.0,0.0,0.0,0.0,0.0,0.0,0.8,-1.8880597014925373,0.3625,0.08602150537634405,-0.16666666666666669,16.666666666666668,2.0,0.0,0.0,0.0,0.0,False,True,False,False,False,False,False,False,False,False,False,False,False,False,False,False,False,False,False,False,False,False,False,False,False,True,False,False,False,False,False,False,False,False,False,False,False,False,False,False,False,False,False,False,False,False,False,False,False,False,False,False,False,False,False,False,False,False,False,False,False,False,False,False,False,False,False,False,False,False,False,False,False,False,False,False,True,False
0,1,0,0,0.0,0.6445993031358885,1.3261231281198003,0.0,0.0,0.0,0.0,0.0,0.0,0.0,0.0,0.0,0.0,0.0,0.0,-0.02459016393442623,0.13333333333333333,0.0,0.0,0.0,0.0,0.0,0.0,0.5,-1.626865671641791,0.3625,0.08602150537634405,-0.16666666666666669,1.0,5.0,0.0,0.0,0.0,0.0,False,True,False,False,False,False,False,False,False,False,False,False,False,False,False,False,False,False,False,False,False,False,False,False,False,True,False,False,False,False,False,False,False,False,False,False,False,False,False,False,False,False,False,False,False,False,False,False,False,False,False,False,False,False,False,False,False,False,False,False,False,False,False,False,False,False,False,False,False,False,False,False,False,False,False,False,True,False
0,0,0,0,0.0,9.850174216027874,-0.07653910149750416,0.0,0.0,0.0,0.0,0.0,0.0,0.0,0.0,0.0,0.0,0.0,0.0,-0.04918032786885246,-0.26666666666666666,0.0,0.0,0.0,0.0,0.0,0.0,0.0,-1.5522388059701493,-0.5,-0.8064516129032259,1.6666666666666667,5.666666666666667,4.0,0.0,0.0,0.05555555555555556,0.0,False,True,False,False,False,False,False,False,False,False,False,False,False,False,False,False,False,False,False,False,False,False,True,False,False,False,False,False,False,False,False,False,False,False,False,False,False,False,False,False,False,False,False,False,False,False,False,False,False,False,False,False,False,False,False,False,False,False,False,False,False,False,False,False,False,False,False,False,False,False,False,False,False,False,False,False,True,False
0,1,0,0,0.0,0.7073170731707317,8.775374376039933,0.0,0.0,0.0,0.0,0.0,0.0,0.0,0.0,0.0,0.0,0.0,0.0,0.05737704918032787,0.6,0.07,0.07,0.0,0.0,0.0,0.0,0.0,0.0,0.3625,0.08602150537634405,-0.16666666666666669,0.0,0.0,0.0,0.0,0.0,0.0,False,True,False,False,False,False,False,False,False,False,False,False,False,False,False,False,False,False,False,False,False,False,False,False,False,True,False,False,False,False,False,False,False,False,False,False,False,False,False,False,False,False,False,False,False,False,False,False,False,False,False,False,False,False,False,False,False,False,False,False,False,False,False,False,False,False,False,False,False,False,False,False,False,False,False,False,True,False
0,0,0,0,0.0,0.0,0.016638935108153077,0.0,0.0,0.0,0.0,0.0,0.0,0.0,0.0,0.0,0.0,0.0,0.0,3.9836065573770494,32.53333333333333,0.0,0.0,0.0,0.0,0.0,0.0,0.0,0.0,0.3625,0.08602150537634405,-0.16666666666666669,33.333333333333336,0.0,0.0,0.0,0.0,0.0,False,False,True,False,False,False,False,False,False,False,False,False,False,False,False,False,False,False,False,False,False,False,False,False,False,False,False,False,False,False,False,False,False,False,False,False,False,False,False,False,False,False,False,False,False,False,False,False,True,False,False,False,False,False,False,False,False,False,False,False,False,False,False,False,False,False,False,False,False,False,False,False,False,False,False,False,True,False
0,1,0,0,0.0,0.8362369337979094,2.9600665557404326,0.0,0.0,0.0,0.0,0.0,0.0,0.0,0.0,0.0,0.0,0.0,0.0,-0.02459016393442623,1.0666666666666667,0.0,0.0,0.0,0.0,0.0,0.0,0.14,-1.8656716417910448,0.3625,0.08602150537634405,-0.16666666666666669,6.666666666666667,3.0,0.0,0.0,0.0,0.0,False,True,False,False,False,False,False,False,False,False,False,False,False,False,False,False,False,False,False,False,False,False,False,False,False,True,False,False,False,False,False,False,False,False,False,False,False,False,False,False,False,False,False,False,False,False,False,False,False,False,False,False,False,False,False,False,False,False,False,False,False,False,False,False,False,False,False,False,False,False,False,False,False,False,False,False,True,False
0,1,0,0,0.0,0.4843205574912892,12.851913477537437,0.0,0.0,0.0,0.0,0.0,0.0,0.0,0.0,0.0,0.0,0.0,0.0,-0.040983606557377046,-0.06666666666666667,0.0,0.0,0.0,0.0,0.0,0.0,0.4,-0.2835820895522388,0.3625,0.08602150537634405,-0.16666666666666669,0.0,2.0,0.0,0.0,0.0,0.0,False,True,False,False,False,False,False,False,False,False,False,False,False,False,False,False,False,False,False,False,False,False,False,False,False,True,False,False,False,False,False,False,False,False,False,False,False,False,False,False,False,False,False,False,False,False,False,False,False,False,False,False,False,False,False,False,False,False,False,False,False,False,False,False,False,False,False,False,False,False,False,False,False,False,False,False,True,False
0,1,0,0,0.0,5.456445993031359,0.47420965058236275,0.0,0.0,0.0,0.0,0.0,0.0,0.0,0.0,0.0,0.0,1.0,0.0,-0.05737704918032787,-0.2,0.0,0.0,0.0,0.0,0.0,0.0,1.0,-0.7238805970149254,-0.0875,-0.16129032258064518,0.5,0.33333333333333337,1.0,0.0,0.0,0.0,0.0,False,True,False,False,False,False,False,False,False,False,False,False,False,False,False,False,False,False,False,False,False,False,False,False,False,False,False,False,False,False,False,False,False,False,False,False,False,False,False,False,False,False,False,False,False,False,False,False,False,False,False,False,True,False,False,False,False,False,False,False,False,False,False,False,False,False,False,False,False,False,False,False,False,False,False,False,True,False
0,1,0,0,0.0,0.926829268292683,2.697171381031614,0.0,0.0,0.0,0.0,0.0,0.0,0.0,0.0,0.0,0.0,0.0,0.0,0.0,1.6,0.0,0.0,0.0,0.0,0.0,0.0,0.17,-1.2686567164179106,0.3541666666666667,0.08602150537634405,-0.16666666666666669,0.33333333333333337,4.0,0.0,0.0,0.0,0.0,False,True,False,False,False,False,False,False,False,False,False,False,False,False,False,False,False,False,False,False,False,False,False,False,False,True,False,False,False,False,False,False,False,False,False,False,False,False,False,False,False,False,False,False,False,False,False,False,False,False,False,False,False,False,False,False,False,False,False,False,False,False,False,False,False,False,False,False,False,False,False,False,False,False,False,False,True,False
0,1,0,0,0.0,0.6445993031358885,3.3327787021630617,0.0,0.0,0.0,0.0,0.0,0.0,0.0,0.0,0.0,0.0,0.0,0.0,-0.04918032786885246,-0.26666666666666666,0.0,0.0,0.0,0.0,0.0,0.0,0.0,0.0,0.3625,0.08602150537634405,-0.16666666666666669,0.0,0.0,0.0,0.0,0.0,0.0,False,True,False,False,False,False,False,False,False,False,False,False,False,False,False,False,False,False,False,False,False,False,False,False,False,True,False,False,False,False,False,False,False,False,False,False,False,False,False,False,False,False,False,False,False,False,False,False,False,False,False,False,False,False,False,False,False,False,False,False,False,False,False,False,False,False,False,False,False,False,False,False,False,False,False,False,True,False
0,1,0,0,0.0,0.686411149825784,4.8885191347753745,0.0,0.0,0.0,0.0,0.0,0.0,0.0,0.0,0.0,0.0,0.0,0.0,-0.05737704918032787,-0.3333333333333333,0.0,0.0,0.0,0.0,0.0,0.0,0.0,-1.4701492537313432,0.3625,0.08602150537634405,-0.16666666666666669,0.6666666666666667,4.0,0.0,0.0,0.0,0.0,False,True,False,False,False,False,False,False,False,False,False,False,False,False,False,False,False,False,False,False,False,False,False,False,False,True,False,False,False,False,False,False,False,False,False,False,False,False,False,False,False,False,False,False,False,False,False,False,False,False,False,False,False,False,False,False,False,False,False,False,False,False,False,False,False,False,False,False,False,False,False,False,False,False,False,False,True,False
0,0,0,0,0.0,139.21254355400697,-0.07653910149750416,0.0,0.0,0.0,0.0,0.0,0.0,0.0,0.0,0.0,0.0,0.0,0.0,-0.040983606557377046,-0.2,0.0,0.0,0.0,0.0,0.0,0.0,0.0,-1.0298507462686568,-0.09583333333333334,-0.9247311827956991,0.5,2.0,48.0,0.0,0.0,0.08333333333333333,0.0,True,False,False,False,False,False,False,False,False,False,False,False,False,False,False,False,True,False,False,False,False,False,False,False,False,False,False,False,False,False,False,False,False,False,False,False,False,False,False,False,False,False,False,False,False,False,False,False,False,False,False,False,False,False,False,False,False,False,False,False,False,False,False,False,False,False,False,False,False,False,False,False,False,False,False,False,True,False
0,0,0,0,0.0,0.003484320557491289,0.011647254575707155,0.0,0.0,0.0,0.0,0.0,0.0,0.0,0.0,0.0,0.0,0.0,0.0,4.081967213114754,33.333333333333336,0.0,0.0,0.0,0.0,0.0,0.0,0.0,0.0,0.35833333333333334,0.08602150537634405,0.0,25.333333333333336,0.0,0.0,0.0,0.0,0.0,False,False,True,False,False,False,False,False,False,False,False,False,False,False,False,False,False,False,False,False,False,False,False,False,False,False,False,False,False,False,False,False,False,False,False,False,False,False,False,False,False,False,False,False,False,False,False,False,True,False,False,False,False,False,False,False,False,False,False,False,False,False,False,False,False,False,False,False,False,False,False,False,False,False,False,False,True,False
0,1,0,0,0.0,0.3344947735191638,24.86189683860233,0.0,0.0,0.0,0.0,0.0,0.0,0.0,0.0,0.0,0.0,0.0,0.0,-0.05737704918032787,-0.3333333333333333,0.0,0.0,0.0,0.0,0.0,0.0,0.0,-1.507462686567164,0.3625,0.08602150537634405,-0.16666666666666669,0.6666666666666667,5.0,0.0,0.0,0.0,0.0,False,True,False,False,False,False,False,False,False,False,False,False,False,False,False,False,False,False,False,False,False,False,False,False,False,True,False,False,False,False,False,False,False,False,False,False,False,False,False,False,False,False,False,False,False,False,False,False,False,False,False,False,False,False,False,False,False,False,False,False,False,False,False,False,False,False,False,False,False,False,False,False,False,False,False,False,True,False
0,0,0,0,0.0,-0.18815331010452963,-0.07653910149750416,0.0,0.0,0.0,0.0,0.0,0.0,0.0,0.0,0.0,0.0,0.0,0.0,1.0491803278688525,-0.3333333333333333,0.0,0.0,4.0,14.285714285714285,-1.32,1.0,0.0,0.0,-0.6958333333333333,-0.9892473118279571,0.8333333333333333,0.0,0.0,0.0,0.0,2.7777777777777777,5.88235294117647,False,True,False,False,False,False,False,False,False,False,False,False,False,False,False,False,False,False,False,False,False,False,False,False,False,False,False,False,False,False,False,False,False,False,False,False,False,False,False,False,False,False,False,False,False,False,False,False,True,False,False,False,False,False,False,False,False,False,False,False,False,False,False,False,False,False,False,False,True,False,False,False,False,False,False,False,False,False
0,0,0,0,0.0,-0.03832752613240418,0.05324459234608985,0.0,0.0,0.0,0.0,0.0,0.0,0.0,0.0,0.0,0.0,0.0,0.0,1.639344262295082,13.4,0.0,0.0,0.0,0.0,0.0,0.16666666666666669,0.0,0.0,0.35833333333333334,0.08602150537634405,0.0,0.33333333333333337,0.0,0.0,0.0,0.0,0.0,False,False,True,False,False,False,False,False,False,False,False,False,False,False,True,False,False,False,False,False,False,False,False,False,False,False,False,False,False,False,False,False,False,False,False,False,False,False,False,False,False,False,False,False,False,False,False,False,False,False,False,False,False,False,False,False,False,False,False,False,False,False,False,False,False,False,False,False,False,False,False,False,False,False,False,False,True,False
0,1,0,0,0.0,0.6306620209059234,0.324459234608985,0.0,0.0,0.0,0.0,0.0,0.0,0.0,0.0,0.0,0.0,0.0,0.0,-0.040983606557377046,0.6666666666666666,0.0,0.0,0.0,0.0,0.0,0.0,0.19,-1.6044776119402986,0.32083333333333336,0.08602150537634405,-0.16666666666666669,1.0,3.0,0.0,0.0,0.0,0.0,False,True,False,False,False,False,False,False,False,False,False,False,False,False,False,False,False,False,False,False,False,False,False,False,False,True,False,False,False,False,False,False,False,False,False,False,False,False,False,False,False,False,False,False,False,False,False,False,False,False,False,False,False,False,False,False,False,False,False,False,False,False,False,False,False,False,False,False,False,False,False,False,False,False,False,False,True,False
0,1,0,0,0.0,5.770034843205575,0.5324459234608985,0.0,0.0,0.0,0.0,0.0,0.0,0.0,0.0,0.0,0.0,0.0,0.0,-0.05737704918032787,-0.2,0.0,0.0,0.0,0.0,0.0,0.0,1.0,0.0,-0.10833333333333334,-0.3870967741935484,0.16666666666666669,0.0,0.0,0.0,0.0,0.0,0.0,False,True,False,False,False,False,False,False,False,False,False,False,False,False,False,False,False,False,False,False,False,False,False,False,False,False,False,False,False,False,False,False,False,False,False,False,False,False,False,False,False,False,False,False,False,False,False,False,False,False,False,False,True,False,False,False,False,False,False,False,False,False,False,False,False,False,False,False,False,False,False,False,False,False,False,False,True,False
0,1,0,0,0.0,0.6655052264808362,0.5074875207986689,0.0,0.0,0.0,0.0,0.0,0.0,0.0,0.0,0.0,0.0,0.0,0.0,0.040983606557377046,0.9333333333333333,0.0,0.0,0.0,0.0,0.0,0.0,0.1,-0.007462686567164179,0.3625,0.08602150537634405,-0.16666666666666669,0.0,1.0,0.0,0.0,0.0,0.0,False,True,False,False,False,False,False,False,False,False,False,False,False,False,False,False,False,False,False,False,False,False,False,False,False,True,False,False,False,False,False,False,False,False,False,False,False,False,False,False,False,False,False,False,False,False,False,False,False,False,False,False,False,False,False,False,False,False,False,False,False,False,False,False,False,False,False,False,False,False,False,False,False,False,False,False,True,False
0,1,0,0,0.0,0.8432055749128919,17.40765391014975,0.0,0.0,0.0,0.0,0.0,0.0,0.0,0.0,0.0,0.0,0.0,0.0,-0.04918032786885246,-0.26666666666666666,0.0,0.0,0.0,0.0,0.0,0.0,0.0,-1.5671641791044777,0.3625,0.08602150537634405,-0.16666666666666669,0.6666666666666667,2.0,0.0,0.0,0.0,0.0,False,True,False,False,False,False,False,False,False,False,False,False,False,False,False,False,False,False,False,False,False,False,False,False,False,True,False,False,False,False,False,False,False,False,False,False,False,False,False,False,False,False,False,False,False,False,False,False,False,False,False,False,False,False,False,False,False,False,False,False,False,False,False,False,False,False,False,False,False,False,False,False,False,False,False,False,True,False
0,1,0,0,0.0,1.0313588850174216,5.930116472545757,0.0,0.0,0.0,0.0,0.0,0.0,0.0,0.0,0.0,0.0,0.0,0.0,0.0,0.13333333333333333,0.0,0.0,0.0,0.0,0.0,0.0,0.0,-1.373134328358209,0.3625,0.08602150537634405,-0.16666666666666669,0.33333333333333337,4.0,0.0,0.0,0.0,0.0,False,True,False,False,False,False,False,False,False,False,False,False,False,False,False,False,False,False,False,False,False,False,False,False,False,True,False,False,False,False,False,False,False,False,False,False,False,False,False,False,False,False,False,False,False,False,False,False,False,False,False,False,False,False,False,False,False,False,False,False,False,False,False,False,False,False,False,False,False,False,False,False,False,False,False,False,True,False
0,1,0,0,0.0,0.6306620209059234,6.083194675540765,0.0,0.0,0.0,0.0,0.0,0.0,0.0,0.0,0.0,0.0,0.0,0.0,-0.04918032786885246,-0.26666666666666666,0.0,0.0,0.0,0.0,0.0,0.0,0.0,-1.7238805970149254,0.0375,0.08602150537634405,-0.16666666666666669,1.3333333333333335,5.0,0.0,0.0,0.0,0.0,False,True,False,False,False,False,False,False,False,False,False,False,False,False,False,False,False,False,False,False,False,False,False,False,False,True,False,False,False,False,False,False,False,False,False,False,False,False,False,False,False,False,False,False,False,False,False,False,False,False,False,False,False,False,False,False,False,False,False,False,False,False,False,False,False,False,False,False,False,False,False,False,False,False,False,False,True,False
0,0,0,0,0.0,-0.03832752613240418,0.10149750415973377,0.0,0.0,0.0,0.0,0.0,0.0,0.0,0.0,0.0,0.0,0.0,0.0,-0.02459016393442623,0.13333333333333333,0.0,0.0,0.0,0.0,0.0,0.0,0.25,0.0,0.3333333333333333,0.053763440860214985,0.0,0.0,0.0,0.0,0.0,0.0,0.0,False,False,True,False,False,False,False,False,False,False,False,False,False,False,True,False,False,False,False,False,False,False,False,False,False,False,False,False,False,False,False,False,False,False,False,False,False,False,False,False,False,False,False,False,False,False,False,False,False,False,False,False,False,False,False,False,False,False,False,False,False,False,False,False,False,False,False,False,False,False,False,False,False,False,False,False,True,False
0,1,0,0,0.0,0.9895470383275261,0.5058236272878536,0.0,0.0,0.0,0.0,0.0,0.0,0.0,0.0,0.0,0.0,0.0,0.0,0.04918032786885246,0.5333333333333333,0.0,0.0,0.0,0.0,0.0,0.0,0.0,0.0,0.3625,0.08602150537634405,-0.16666666666666669,0.0,0.0,0.0,0.0,0.0,0.0,False,True,False,False,False,False,False,False,False,False,False,False,False,False,False,False,False,False,False,False,False,False,False,False,False,True,False,False,False,False,False,False,False,False,False,False,False,False,False,False,False,False,False,False,False,False,False,False,False,False,False,False,False,False,False,False,False,False,False,False,False,False,False,False,False,False,False,False,False,False,False,False,False,False,False,False,True,False
0,1,0,0,0.0,0.5331010452961672,0.5657237936772047,0.0,0.0,0.0,0.0,0.0,0.0,0.0,0.0,0.0,0.0,0.0,0.0,0.03278688524590164,0.5333333333333333,0.0,0.0,0.0,0.0,0.0,0.0,0.21,0.0,0.3625,0.08602150537634405,-0.16666666666666669,0.0,0.0,0.0,0.0,0.0,0.0,False,True,False,False,False,False,False,False,False,False,False,False,False,False,False,False,False,False,False,False,False,False,False,False,False,True,False,False,False,False,False,False,False,False,False,False,False,False,False,False,False,False,False,False,False,False,False,False,False,False,False,False,False,False,False,False,False,False,False,False,False,False,False,False,False,False,False,False,False,False,False,False,False,False,False,False,True,False
0,0,0,0,0.0,-0.03484320557491289,0.04159733777038269,0.0,0.0,0.0,0.0,0.0,0.0,0.0,0.0,0.0,0.0,0.0,0.0,1.4754098360655739,12.066666666666666,0.0,0.0,0.0,0.0,-0.013333333333333345,0.16666666666666669,0.0,0.0,0.3625,0.08602150537634405,-0.16666666666666669,0.0,0.0,0.0,0.0,0.0,0.0,False,False,True,False,False,False,False,False,False,False,False,False,False,False,True,False,False,False,False,False,False,False,False,False,False,False,False,False,False,False,False,False,False,False,False,False,False,False,False,False,False,False,False,False,False,False,False,False,False,False,False,False,False,False,False,False,False,False,False,False,False,False,False,False,False,False,False,False,False,False,False,False,False,False,False,False,True,False
0,1,0,0,0.0,0.89198606271777,3.94675540765391,0.0,0.0,0.0,0.0,0.0,0.0,0.0,0.0,0.0,0.0,0.0,0.0,-0.05737704918032787,-0.3333333333333333,0.0,0.0,0.0,0.0,0.0,0.0,0.0,-0.1865671641791045,0.3625,0.08602150537634405,-0.16666666666666669,0.0,4.0,0.0,0.0,0.0,0.0,False,True,False,False,False,False,False,False,False,False,False,False,False,False,False,False,False,False,False,False,False,False,False,False,False,True,False,False,False,False,False,False,False,False,False,False,False,False,False,False,False,False,False,False,False,False,False,False,False,False,False,False,False,False,False,False,False,False,False,False,False,False,False,False,False,False,False,False,False,False,False,False,False,False,False,False,True,False
0,1,0,0,0.0,1.0592334494773519,6.064891846921797,0.0,0.0,0.0,0.0,0.0,0.0,0.0,0.0,0.0,0.0,0.0,0.0,0.02459016393442623,0.3333333333333333,0.0,0.0,0.0,0.0,0.0,0.0,0.0,-1.2985074626865671,0.3625,0.08602150537634405,-0.16666666666666669,0.33333333333333337,3.0,0.0,0.0,0.0,0.0,False,True,False,False,False,False,False,False,False,False,False,False,False,False,False,False,False,False,False,False,False,False,False,False,False,True,False,False,False,False,False,False,False,False,False,False,False,False,False,False,False,False,False,False,False,False,False,False,False,False,False,False,False,False,False,False,False,False,False,False,False,False,False,False,False,False,False,False,False,False,False,False,False,False,False,False,True,False
0,1,0,0,0.0,0.5470383275261324,0.129783693843594,0.0,0.0,0.0,0.0,0.0,0.0,0.0,0.0,0.0,0.0,0.0,0.0,-0.03278688524590164,0.06666666666666667,0.0,0.0,0.0,0.0,0.0,0.0,0.29,-1.4179104477611941,0.3625,0.08602150537634405,-0.16666666666666669,0.6666666666666667,3.0,0.0,0.0,0.0,0.0,False,True,False,False,False,False,False,False,False,False,False,False,False,False,False,False,False,False,False,False,False,False,False,False,False,True,False,False,False,False,False,False,False,False,False,False,False,False,False,False,False,False,False,False,False,False,False,False,False,False,False,False,False,False,False,False,False,False,False,False,False,False,False,False,False,False,False,False,False,False,False,False,False,False,False,False,True,False
0,1,0,0,0.0,0.5853658536585366,2.718801996672213,0.0,0.0,0.0,0.0,0.0,0.0,0.0,0.0,0.0,0.0,0.0,0.0,-0.03278688524590164,-0.13333333333333333,0.0,0.0,0.0,0.0,0.0,0.0,0.0,0.0,0.3625,0.08602150537634405,-0.16666666666666669,0.0,0.0,0.0,0.0,0.0,0.0,False,True,False,False,False,False,False,False,False,False,False,False,False,False,False,False,False,False,False,False,False,False,False,False,False,True,False,False,False,False,False,False,False,False,False,False,False,False,False,False,False,False,False,False,False,False,False,False,False,False,False,False,False,False,False,False,False,False,False,False,False,False,False,False,False,False,False,False,False,False,False,False,False,False,False,False,True,False
0,1,0,0,0.0,1.0069686411149825,0.6921797004991681,0.0,0.0,0.0,0.0,0.0,0.0,0.0,0.0,0.0,0.0,0.0,0.0,-0.02459016393442623,0.06666666666666667,0.0,0.0,0.0,0.0,0.0,0.0,0.43,0.0,0.3625,0.08602150537634405,-0.16666666666666669,0.0,0.0,0.0,0.0,0.0,0.0,False,True,False,False,False,False,False,False,False,False,False,False,False,False,False,False,False,False,False,False,False,False,False,False,False,True,False,False,False,False,False,False,False,False,False,False,False,False,False,False,False,False,False,False,False,False,False,False,False,False,False,False,False,False,False,False,False,False,False,False,False,False,False,False,False,False,False,False,False,False,False,False,False,False,False,False,True,False
0,1,0,0,0.0,0.5888501742160279,14.266222961730449,0.0,0.0,0.0,0.0,0.0,0.0,0.0,0.0,0.0,0.0,0.0,0.0,-0.040983606557377046,-0.2,0.0,0.0,0.0,0.0,0.0,0.0,0.0,-0.7313432835820896,0.3625,0.08602150537634405,-0.16666666666666669,0.33333333333333337,2.0,0.0,0.0,0.0,0.0,False,True,False,False,False,False,False,False,False,False,False,False,False,False,False,False,False,False,False,False,False,False,False,False,False,True,False,False,False,False,False,False,False,False,False,False,False,False,False,False,False,False,False,False,False,False,False,False,False,False,False,False,False,False,False,False,False,False,False,False,False,False,False,False,False,False,False,False,False,False,False,False,False,False,False,False,True,False
0,1,0,0,0.0,0.6062717770034843,2.3926788685524127,0.0,0.0,0.0,0.0,0.0,0.0,0.0,0.0,0.0,0.0,0.0,0.0,-0.040983606557377046,-0.13333333333333333,0.0,0.0,0.0,0.0,0.0,0.0,0.5,0.0,0.3625,0.08602150537634405,-0.16666666666666669,0.0,0.0,0.0,0.0,0.0,0.0,False,True,False,False,False,False,False,False,False,False,False,False,False,False,False,False,False,False,False,False,False,False,False,False,False,True,False,False,False,False,False,False,False,False,False,False,False,False,False,False,False,False,False,False,False,False,False,False,False,False,False,False,False,False,False,False,False,False,False,False,False,False,False,False,False,False,False,False,False,False,False,False,False,False,False,False,True,False
0,1,0,0,0.0,0.6376306620209059,6.958402662229617,0.0,0.0,0.0,0.0,0.0,0.0,0.0,0.0,0.0,0.0,0.0,0.0,0.06557377049180328,0.6666666666666666,0.0,0.0,0.0,0.0,0.0,0.0,0.0,0.0,0.3625,0.08602150537634405,-0.16666666666666669,0.0,0.0,0.0,0.0,0.0,0.0,False,True,False,False,False,False,False,False,False,False,False,False,False,False,False,False,False,False,False,False,False,False,False,False,False,True,False,False,False,False,False,False,False,False,False,False,False,False,False,False,False,False,False,False,False,False,False,False,False,False,False,False,False,False,False,False,False,False,False,False,False,False,False,False,False,False,False,False,False,False,False,False,False,False,False,False,True,False
0,1,0,0,0.0,0.6306620209059234,2.2196339434276204,0.0,0.0,0.0,0.0,0.0,0.0,0.0,0.0,0.0,0.0,0.0,0.0,-0.040983606557377046,-0.2,0.0,0.0,0.0,0.0,0.0,0.0,0.0,0.0,0.275,0.0,0.16666666666666669,0.0,0.0,0.0,0.0,0.1388888888888889,0.0,False,True,False,False,False,False,False,False,False,False,False,False,False,False,False,False,False,False,False,False,False,False,False,False,False,True,False,False,False,False,False,False,False,False,False,False,False,False,False,False,False,False,False,False,False,False,False,False,False,False,False,False,False,False,False,False,False,False,False,False,False,False,False,False,False,False,False,False,False,False,False,False,False,False,False,False,True,False
0,1,0,0,0.0,0.7247386759581882,19.420965058236273,0.0,0.0,0.0,0.0,0.0,0.0,0.0,0.0,0.0,0.0,0.0,0.0,-0.05737704918032787,-0.3333333333333333,0.0,0.0,0.0,0.0,0.0,0.0,0.0,-1.8955223880597014,0.3625,0.08602150537634405,-0.16666666666666669,33.333333333333336,4.0,0.0,0.0,0.0,0.0,False,True,False,False,False,False,False,False,False,False,False,False,False,False,False,False,False,False,False,False,False,False,False,False,False,True,False,False,False,False,False,False,False,False,False,False,False,False,False,False,False,False,False,False,False,False,False,False,False,False,False,False,False,False,False,False,False,False,False,False,False,False,False,False,False,False,False,False,False,False,False,False,False,False,False,False,True,False
0,1,0,0,0.0,0.5261324041811847,1.0133111480865225,0.0,0.0,0.0,0.0,0.0,0.0,0.0,0.0,0.0,0.0,0.0,0.0,0.27049180327868855,2.466666666666667,0.0,0.0,0.0,0.0,0.0,0.0,0.07,0.0,0.3625,0.08602150537634405,-0.16666666666666669,0.0,0.0,0.0,0.0,0.0,0.0,False,True,False,False,False,False,False,False,False,False,False,False,False,False,False,False,False,False,False,False,False,False,False,False,False,True,False,False,False,False,False,False,False,False,False,False,False,False,False,False,False,False,False,False,False,False,False,False,False,False,False,False,False,False,False,False,False,False,False,False,False,False,False,False,False,False,False,False,False,False,False,False,False,False,False,False,True,False
0,0,0,0,0.0,0.003484320557491289,0.008319467554076539,0.0,0.0,0.0,0.0,0.0,0.0,0.0,0.0,0.0,0.0,0.0,0.0,2.540983606557377,20.8,0.0,0.0,0.0,0.0,0.0,0.0,0.0,0.0,0.3625,0.08602150537634405,-0.16666666666666669,31.000000000000004,0.0,0.0,0.0,0.0,0.0,False,False,True,False,False,False,False,False,False,False,False,False,False,False,False,False,False,False,False,False,False,False,False,False,False,False,False,False,False,False,False,False,False,False,False,False,False,False,False,False,False,False,False,False,False,False,False,False,True,False,False,False,False,False,False,False,False,False,False,False,False,False,False,False,False,False,False,False,False,False,False,False,False,False,False,False,True,False
0,1,0,0,0.0,0.5470383275261324,23.56738768718802,0.0,0.0,0.0,0.0,0.0,0.0,0.0,0.0,0.0,0.0,0.0,0.0,0.040983606557377046,0.4666666666666667,0.0,0.0,0.0,0.0,0.0,0.0,0.0,-1.6791044776119404,0.3625,0.08602150537634405,-0.16666666666666669,1.0,5.0,0.0,0.0,0.0,0.0,False,True,False,False,False,False,False,False,False,False,False,False,False,False,False,False,False,False,False,False,False,False,False,False,False,True,False,False,False,False,False,False,False,False,False,False,False,False,False,False,False,False,False,False,False,False,False,False,False,False,False,False,False,False,False,False,False,False,False,False,False,False,False,False,False,False,False,False,False,False,False,False,False,False,False,False,True,False
0,1,0,0,0.0,0.9303135888501742,0.9584026622296173,0.0,0.0,0.0,0.0,0.0,0.0,0.0,0.0,0.0,0.0,0.0,0.0,0.08196721311475409,1.1333333333333333,0.0,0.0,0.0,0.0,0.0,0.0,0.17,0.0,0.3625,0.08602150537634405,-0.16666666666666669,0.0,0.0,0.0,0.0,0.0,0.0,False,True,False,False,False,False,False,False,False,False,False,False,False,False,False,False,False,False,False,False,False,False,False,False,False,True,False,False,False,False,False,False,False,False,False,False,False,False,False,False,False,False,False,False,False,False,False,False,False,False,False,False,False,False,False,False,False,False,False,False,False,False,False,False,False,False,False,False,False,False,False,False,False,False,False,False,True,False
0,0,0,0,0.0,0.6898954703832753,-0.07653910149750416,0.0,0.0,0.0,0.0,0.0,0.0,0.0,0.0,0.0,0.0,0.0,0.0,-0.04918032786885246,-0.26666666666666666,0.0,0.0,0.0,0.0,0.0,0.0,0.0,-1.4179104477611941,-0.6708333333333333,-0.870967741935484,1.1666666666666667,3.666666666666667,0.0,0.0,0.0,0.0,0.0,False,True,False,False,False,False,False,False,False,False,False,False,False,False,False,False,False,False,False,False,False,False,True,False,False,False,False,False,False,False,False,False,False,False,False,False,False,False,False,False,False,False,False,False,False,False,False,False,False,False,False,False,False,False,False,False,False,False,False,False,False,False,False,False,False,False,False,False,False,False,False,False,False,False,False,False,True,False
0,1,0,0,0.0,0.5505226480836237,4.299500831946755,0.0,0.0,0.0,0.0,0.0,0.0,0.0,0.0,0.0,0.0,0.0,0.0,-0.01639344262295082,0.0,0.0,0.0,0.0,0.0,0.0,0.0,0.0,-1.2611940298507462,0.3541666666666667,0.08602150537634405,-0.16666666666666669,0.33333333333333337,6.0,0.0,0.0,0.0,0.0,False,True,False,False,False,False,False,False,False,False,False,False,False,False,False,False,False,False,False,False,False,False,False,False,False,True,False,False,False,False,False,False,False,False,False,False,False,False,False,False,False,False,False,False,False,False,False,False,False,False,False,False,False,False,False,False,False,False,False,False,False,False,False,False,False,False,False,False,False,False,False,False,False,False,False,False,True,False
0,1,0,0,0.0,0.6132404181184669,0.46755407653910147,0.0,0.0,0.0,0.0,0.0,0.0,0.0,0.0,0.0,0.0,0.0,0.0,0.02459016393442623,1.0,0.0,0.0,0.0,0.0,0.0,0.0,0.14,-0.27611940298507465,0.3625,0.08602150537634405,-0.16666666666666669,0.0,1.0,0.0,0.0,0.0,0.0,False,True,False,False,False,False,False,False,False,False,False,False,False,False,False,False,False,False,False,False,False,False,False,False,False,True,False,False,False,False,False,False,False,False,False,False,False,False,False,False,False,False,False,False,False,False,False,False,False,False,False,False,False,False,False,False,False,False,False,False,False,False,False,False,False,False,False,False,False,False,False,False,False,False,False,False,True,False
0,1,0,0,0.0,0.9128919860627178,3.4958402662229617,0.0,0.0,0.0,0.0,0.0,0.0,0.0,0.0,0.0,0.0,0.0,0.0,-0.04918032786885246,-0.26666666666666666,0.0,0.0,0.0,0.0,0.0,0.0,0.0,-1.5671641791044777,0.32083333333333336,0.08602150537634405,-0.16666666666666669,0.6666666666666667,2.0,0.0,0.0,0.0,0.0,False,True,False,False,False,False,False,False,False,False,False,False,False,False,False,False,False,False,False,False,False,False,False,False,False,True,False,False,False,False,False,False,False,False,False,False,False,False,False,False,False,False,False,False,False,False,False,False,False,False,False,False,False,False,False,False,False,False,False,False,False,False,False,False,False,False,False,False,False,False,False,False,False,False,False,False,True,False
0,0,0,0,0.0,-0.027874564459930314,0.008319467554076539,0.0,0.0,0.0,0.0,0.0,0.0,0.0,0.0,0.0,0.0,0.0,0.0,0.09836065573770492,0.9333333333333333,0.0,0.0,0.0,0.0,0.0,0.0,0.0,0.0,0.3625,0.08602150537634405,-0.16666666666666669,2.3333333333333335,0.0,0.0,0.0,0.0,0.0,False,False,True,False,False,False,False,False,False,False,False,False,False,False,False,False,False,False,False,False,False,False,False,False,False,False,False,False,False,False,False,False,False,False,False,False,False,False,False,False,False,False,False,False,False,False,False,False,True,False,False,False,False,False,False,False,False,False,False,False,False,False,False,False,False,False,False,False,False,False,False,False,False,False,False,False,True,False
0,1,0,0,0.0,0.6655052264808362,4.006655574043261,0.0,0.0,0.0,0.0,0.0,0.0,0.0,0.0,0.0,0.0,0.0,0.0,0.00819672131147541,0.6,0.0,0.0,0.0,0.0,0.0,0.0,0.13,0.0,0.3625,0.08602150537634405,-0.16666666666666669,0.0,0.0,0.0,0.0,0.0,0.0,False,True,False,False,False,False,False,False,False,False,False,False,False,False,False,False,False,False,False,False,False,False,False,False,False,True,False,False,False,False,False,False,False,False,False,False,False,False,False,False,False,False,False,False,False,False,False,False,False,False,False,False,False,False,False,False,False,False,False,False,False,False,False,False,False,False,False,False,False,False,False,False,False,False,False,False,True,False
0,1,0,0,0.0,0.5470383275261324,1.1547420965058237,0.0,0.0,0.0,0.0,0.0,0.0,0.0,0.0,0.0,0.0,0.0,0.0,-0.040983606557377046,-0.2,0.0,0.0,0.0,0.0,0.0,0.0,0.0,-1.8805970149253732,0.3625,0.08602150537634405,-0.16666666666666669,11.000000000000002,4.0,0.0,0.0,0.0,0.0,False,True,False,False,False,False,False,False,False,False,False,False,False,False,False,False,False,False,False,False,False,False,False,False,False,True,False,False,False,False,False,False,False,False,False,False,False,False,False,False,False,False,False,False,False,False,False,False,False,False,False,False,False,False,False,False,False,False,False,False,False,False,False,False,False,False,False,False,False,False,False,False,False,False,False,False,True,False
0,1,0,0,0.0,0.7212543554006968,7.53910149750416,0.0,0.0,0.0,0.0,0.0,0.0,0.0,0.0,0.0,0.0,0.0,0.0,0.04918032786885246,0.5333333333333333,0.0,0.0,0.0,0.0,0.0,0.0,0.0,0.0,0.3625,0.08602150537634405,-0.16666666666666669,0.0,0.0,0.0,0.0,0.0,0.0,False,True,False,False,False,False,False,False,False,False,False,False,False,False,False,False,False,False,False,False,False,False,False,False,False,True,False,False,False,False,False,False,False,False,False,False,False,False,False,False,False,False,False,False,False,False,False,False,False,False,False,False,False,False,False,False,False,False,False,False,False,False,False,False,False,False,False,False,False,False,False,False,False,False,False,False,True,False
0,1,0,0,0.0,0.8780487804878049,7.618968386023295,0.0,0.0,0.0,0.0,0.0,0.0,0.0,0.0,0.0,0.0,0.0,0.0,-0.03278688524590164,-0.13333333333333333,0.0,0.0,0.0,0.0,0.0,0.0,0.0,-1.044776119402985,0.3625,0.08602150537634405,-0.16666666666666669,0.33333333333333337,2.0,0.0,0.0,0.0,0.0,False,True,False,False,False,False,False,False,False,False,False,False,False,False,False,False,False,False,False,False,False,False,False,False,False,True,False,False,False,False,False,False,False,False,False,False,False,False,False,False,False,False,False,False,False,False,False,False,False,False,False,False,False,False,False,False,False,False,False,False,False,False,False,False,False,False,False,False,False,False,False,False,False,False,False,False,True,False
0,0,0,0,0.0,-0.18466898954703834,-0.07653910149750416,0.0,0.0,0.0,0.0,0.0,0.0,0.0,0.0,0.0,0.0,0.0,0.0,0.4672131147540984,-0.26666666666666666,0.0,0.0,0.0,0.0,-1.2933333333333332,15.666666666666666,0.0,0.0,-0.6916666666666667,-0.9784946236559141,11.5,32.333333333333336,0.0,0.0,0.0,0.08333333333333333,0.0,False,False,True,False,False,False,False,False,False,False,False,False,False,False,False,False,False,False,False,False,False,False,False,False,False,False,False,False,False,False,False,False,False,False,False,False,False,False,False,False,False,False,False,False,False,False,False,False,True,False,False,False,False,False,False,False,False,False,False,False,False,False,False,False,False,False,False,False,False,False,False,False,False,False,False,False,True,False
0,1,0,0,0.0,0.37630662020905925,23.193011647254576,0.0,0.0,0.0,0.0,0.0,0.0,0.0,0.0,0.0,0.0,0.0,0.0,-0.04918032786885246,1.1333333333333333,0.5,0.04,0.0,0.0,0.0,0.0,0.09,0.0,0.3625,0.08602150537634405,-0.16666666666666669,0.0,0.0,0.01,0.01,0.0,0.0,False,True,False,False,False,False,False,False,False,False,False,False,False,False,False,False,False,False,False,False,False,False,False,False,False,True,False,False,False,False,False,False,False,False,False,False,False,False,False,False,False,False,False,False,False,False,False,False,False,False,False,False,False,False,False,False,False,False,False,False,False,False,False,False,False,False,False,False,False,False,False,False,False,False,False,False,True,False
0,1,0,0,0.0,0.5505226480836237,2.9101497504159735,0.0,0.0,0.0,0.0,0.0,0.0,0.0,0.0,0.0,0.0,0.0,0.0,-0.03278688524590164,-0.13333333333333333,0.0,0.0,0.0,0.0,0.0,0.0,0.0,-1.7462686567164178,0.3625,0.08602150537634405,-0.16666666666666669,1.6666666666666667,4.0,0.0,0.0,0.0,0.0,False,True,False,False,False,False,False,False,False,False,False,False,False,False,False,False,False,False,False,False,False,False,False,False,False,True,False,False,False,False,False,False,False,False,False,False,False,False,False,False,False,False,False,False,False,False,False,False,False,False,False,False,False,False,False,False,False,False,False,False,False,False,False,False,False,False,False,False,False,False,False,False,False,False,False,False,True,False
0,0,0,0,0.0,0.4808362369337979,-0.07653910149750416,0.0,0.0,0.0,0.0,0.0,0.0,0.0,0.0,0.0,0.0,0.0,0.0,-0.04918032786885246,-0.26666666666666666,0.0,0.0,0.0,0.0,0.0,0.0,0.0,-1.3134328358208955,-0.6833333333333333,-0.935483870967742,0.6666666666666667,1.6666666666666667,0.0,0.0,0.0,0.0,0.0,False,True,False,False,False,False,False,False,False,False,False,False,False,False,False,False,False,False,False,False,False,False,True,False,False,False,False,False,False,False,False,False,False,False,False,False,False,False,False,False,False,False,False,False,False,False,False,False,False,False,False,False,False,False,False,False,False,False,False,False,False,False,False,False,False,False,False,False,False,False,False,False,False,False,False,False,True,False
0,1,0,0,0.0,0.6167247386759582,8.778702163061563,0.0,0.0,0.0,0.0,0.0,0.0,0.0,0.0,0.0,0.0,0.0,0.0,0.05737704918032787,0.6,0.0,0.0,0.0,0.0,0.0,0.0,0.0,-1.664179104477612,0.3625,0.08602150537634405,-0.16666666666666669,1.0,2.0,0.0,0.0,0.0,0.0,False,True,False,False,False,False,False,False,False,False,False,False,False,False,False,False,False,False,False,False,False,False,False,False,False,True,False,False,False,False,False,False,False,False,False,False,False,False,False,False,False,False,False,False,False,False,False,False,False,False,False,False,False,False,False,False,False,False,False,False,False,False,False,False,False,False,False,False,False,False,False,False,False,False,False,False,True,False
0,1,0,0,0.0,0.7038327526132404,36.68718801996672,0.0,0.0,0.0,0.0,0.0,0.0,0.0,0.0,0.0,0.0,0.0,0.0,0.040983606557377046,0.4666666666666667,0.0,0.0,0.0,0.0,0.0,0.0,0.0,0.0,0.3625,0.08602150537634405,-0.16666666666666669,0.33333333333333337,0.0,0.0,0.0,0.0,0.0,False,True,False,False,False,False,False,False,False,False,False,False,False,False,False,False,False,False,False,False,False,False,False,False,False,True,False,False,False,False,False,False,False,False,False,False,False,False,False,False,False,False,False,False,False,False,False,False,False,False,False,False,False,False,False,False,False,False,False,False,False,False,False,False,False,False,False,False,False,False,False,False,False,False,False,False,True,False
0,0,0,0,0.0,-0.07665505226480836,-0.07653910149750416,0.0,0.0,0.0,0.0,0.0,0.0,0.0,0.0,0.0,0.0,0.0,0.0,-0.05737704918032787,0.0,0.0,0.0,0.0,0.0,0.0,0.0,0.5,-0.9402985074626866,-0.45416666666666666,-0.7311827956989249,0.5,8.0,3.0,0.0,0.0,0.0,0.0,False,False,True,False,False,False,False,False,False,False,False,False,False,False,True,False,False,False,False,False,False,False,False,False,False,False,False,False,False,False,False,False,False,False,False,False,False,False,False,False,False,False,False,False,False,False,False,False,False,False,False,False,False,False,False,False,False,False,False,False,False,False,False,False,False,False,False,False,False,False,False,False,False,False,False,False,True,False
0,0,0,0,0.0,-0.03484320557491289,0.13311148086522462,0.0,0.0,0.0,0.0,0.0,0.0,0.0,0.0,0.0,0.0,0.0,0.0,0.8032786885245902,11.4,0.0,0.0,0.0,0.0,-0.013333333333333345,0.33333333333333337,0.01,0.0,0.35833333333333334,0.08602150537634405,0.0,0.0,0.0,0.0,0.0,0.0,0.0,False,False,True,False,False,False,False,False,False,False,False,False,False,False,True,False,False,False,False,False,False,False,False,False,False,False,False,False,False,False,False,False,False,False,False,False,False,False,False,False,False,False,False,False,False,False,False,False,False,False,False,False,False,False,False,False,False,False,False,False,False,False,False,False,False,False,False,False,False,False,False,False,False,False,False,False,True,False
0,1,0,0,0.0,0.42857142857142855,3.5424292845257903,0.0,0.0,0.0,0.0,0.0,0.0,0.0,0.0,0.0,0.0,0.0,0.0,-0.05737704918032787,1.2666666666666666,0.0,0.0,0.0,0.0,0.0,0.0,0.12,0.0,0.3333333333333333,0.053763440860214985,0.0,0.0,0.0,0.0,0.0,0.0,0.0,False,True,False,False,False,False,False,False,False,False,False,False,False,False,False,False,False,False,False,False,False,False,False,False,False,True,False,False,False,False,False,False,False,False,False,False,False,False,False,False,False,False,False,False,False,False,False,False,False,False,False,False,False,False,False,False,False,False,False,False,False,False,False,False,False,False,False,False,False,False,False,False,False,False,False,False,True,False
0,1,0,0,0.0,1.0,0.4925124792013311,0.0,0.0,0.0,0.0,0.0,0.0,0.0,0.0,0.0,0.0,0.0,0.0,-0.04918032786885246,-0.13333333333333333,0.0,0.0,0.0,0.0,0.0,0.0,0.75,0.0,0.3625,0.08602150537634405,-0.16666666666666669,0.0,0.0,0.0,0.0,0.0,0.0,False,True,False,False,False,False,False,False,False,False,False,False,False,False,False,False,False,False,False,False,False,False,False,False,False,True,False,False,False,False,False,False,False,False,False,False,False,False,False,False,False,False,False,False,False,False,False,False,False,False,False,False,False,False,False,False,False,False,False,False,False,False,False,False,False,False,False,False,False,False,False,False,False,False,False,False,True,False
0,1,0,0,0.0,0.9547038327526133,3.97171381031614,0.0,0.0,0.0,0.0,0.0,0.0,0.0,0.0,0.0,0.0,0.0,0.0,-0.040983606557377046,-0.13333333333333333,0.0,0.0,0.0,0.0,0.0,0.0,0.5,-1.0223880597014925,0.3625,0.08602150537634405,-0.16666666666666669,0.33333333333333337,5.0,0.0,0.0,0.0,0.0,False,True,False,False,False,False,False,False,False,False,False,False,False,False,False,False,False,False,False,False,False,False,False,False,False,True,False,False,False,False,False,False,False,False,False,False,False,False,False,False,False,False,False,False,False,False,False,False,False,False,False,False,False,False,False,False,False,False,False,False,False,False,False,False,False,False,False,False,False,False,False,False,False,False,False,False,True,False
0,1,0,0,0.0,0.6306620209059234,13.459234608985025,0.0,0.0,0.0,0.0,0.0,0.0,0.0,0.0,0.0,0.0,0.0,0.0,0.0,0.6666666666666666,0.0,0.0,0.0,0.0,0.0,0.0,0.19,-1.4179104477611941,0.3458333333333333,0.08602150537634405,-0.16666666666666669,0.6666666666666667,5.0,0.0,0.0,0.0,0.0,False,True,False,False,False,False,False,False,False,False,False,False,False,False,False,False,False,False,False,False,False,False,False,False,False,True,False,False,False,False,False,False,False,False,False,False,False,False,False,False,False,False,False,False,False,False,False,False,False,False,False,False,False,False,False,False,False,False,False,False,False,False,False,False,False,False,False,False,False,False,False,False,False,False,False,False,True,False
0,1,0,0,0.0,0.9024390243902439,2.805324459234609,0.0,0.0,0.0,0.0,0.0,0.0,0.0,0.0,0.0,0.0,0.0,0.0,-0.04918032786885246,-0.26666666666666666,0.0,0.0,0.0,0.0,0.0,0.0,0.0,0.0,0.3625,0.08602150537634405,-0.16666666666666669,0.0,0.0,0.0,0.0,0.0,0.0,False,True,False,False,False,False,False,False,False,False,False,False,False,False,False,False,False,False,False,False,False,False,False,False,False,True,False,False,False,False,False,False,False,False,False,False,False,False,False,False,False,False,False,False,False,False,False,False,False,False,False,False,False,False,False,False,False,False,False,False,False,False,False,False,False,False,False,False,False,False,False,False,False,False,False,False,True,False
0,0,0,0,0.0,-0.03832752613240418,0.15806988352745424,0.0,0.0,0.0,0.0,0.0,0.0,0.0,0.0,0.0,0.0,0.0,0.0,1.0081967213114753,13.666666666666666,0.0,0.0,0.0,0.0,0.0,0.0,0.01,0.0,0.35833333333333334,0.08602150537634405,0.0,0.0,0.0,0.0,0.0,0.0,0.0,False,False,True,False,False,False,False,False,False,False,False,False,False,False,True,False,False,False,False,False,False,False,False,False,False,False,False,False,False,False,False,False,False,False,False,False,False,False,False,False,False,False,False,False,False,False,False,False,False,False,False,False,False,False,False,False,False,False,False,False,False,False,False,False,False,False,False,False,False,False,False,False,False,False,False,False,True,False
0,1,0,0,1.0,6.160278745644599,0.47587354409317806,0.0,0.0,0.0,0.0,0.0,0.0,0.0,0.0,0.0,0.0,0.0,0.0,-0.05737704918032787,-0.26666666666666666,0.0,0.0,0.0,0.0,0.0,0.0,1.0,0.0,-0.36666666666666664,-0.6559139784946239,0.3333333333333333,0.0,0.0,0.0,0.0,1.6666666666666667,0.0,False,True,False,False,False,False,False,False,False,False,False,False,False,False,False,False,False,False,False,False,False,False,False,False,False,False,False,False,False,False,False,False,False,False,False,False,False,False,False,False,False,False,False,False,False,False,False,False,False,False,False,False,True,False,False,False,False,False,False,False,False,False,False,False,False,False,False,False,False,False,False,False,False,False,False,False,True,False
0,1,0,0,0.0,0.7456445993031359,7.810316139767055,0.0,0.0,0.0,0.0,0.0,0.0,0.0,0.0,0.0,0.0,0.0,0.0,-0.05737704918032787,-0.3333333333333333,0.0,0.0,0.0,0.0,0.0,0.0,0.0,0.0,0.29583333333333334,0.021505376344085923,0.16666666666666669,0.0,0.0,0.0,0.0,0.0,0.0,False,True,False,False,False,False,False,False,False,False,False,False,False,False,False,False,False,False,False,False,False,False,False,False,False,True,False,False,False,False,False,False,False,False,False,False,False,False,False,False,False,False,False,False,False,False,False,False,False,False,False,False,False,False,False,False,False,False,False,False,False,False,False,False,False,False,False,False,False,False,False,False,False,False,False,False,True,False
0,1,0,0,0.0,-0.18815331010452963,0.0632279534109817,0.0,0.0,0.0,0.0,0.0,0.0,0.0,0.0,0.0,0.0,0.0,0.0,-0.05737704918032787,-0.3333333333333333,0.0,0.0,0.0,0.0,0.0,0.0,0.0,-1.708955223880597,-0.15833333333333333,-0.32258064516129037,2.333333333333333,1.3333333333333335,2.0,0.0,0.0,0.0,0.0,False,True,False,False,False,False,False,False,False,False,False,False,False,False,False,False,False,False,False,False,False,False,False,False,False,False,False,False,False,False,False,False,False,False,False,False,False,False,False,False,False,False,False,False,False,False,False,False,False,False,False,False,True,False,False,False,False,False,False,False,False,False,False,False,False,False,False,False,False,False,False,False,False,False,False,False,True,False
0,1,0,1,21.0,0.5435540069686411,1.173044925124792,0.0,0.0,4.0,0.0,0.0,0.0,0.0,0.0,0.0,0.0,0.0,0.0,-0.05737704918032787,-0.3333333333333333,0.0,0.0,0.0,0.0,0.0,0.0,0.0,-0.8582089552238806,-0.6333333333333333,-0.870967741935484,0.8333333333333333,0.33333333333333337,0.0,0.0,0.0,0.0,0.0,False,True,False,False,False,False,False,False,False,False,False,False,False,False,False,False,False,False,False,False,False,True,False,False,False,False,False,False,False,False,False,False,False,False,False,False,False,False,False,False,False,False,False,False,False,False,False,False,False,False,False,False,False,False,False,False,False,False,False,False,False,False,False,False,False,False,False,False,False,False,False,False,False,False,False,False,True,False
0,1,0,0,0.0,0.867595818815331,3.0016638935108153,0.0,0.0,0.0,0.0,0.0,0.0,0.0,0.0,0.0,0.0,0.0,0.0,-0.040983606557377046,-0.13333333333333333,0.0,0.0,0.0,0.0,0.0,0.0,0.5,0.0,0.3625,0.08602150537634405,-0.16666666666666669,0.0,0.0,0.0,0.0,0.0,0.0,False,True,False,False,False,False,False,False,False,False,False,False,False,False,False,False,False,False,False,False,False,False,False,False,False,True,False,False,False,False,False,False,False,False,False,False,False,False,False,False,False,False,False,False,False,False,False,False,False,False,False,False,False,False,False,False,False,False,False,False,False,False,False,False,False,False,False,False,False,False,False,False,False,False,False,False,True,False
0,1,0,0,0.0,0.5574912891986062,1.502495840266223,0.0,0.0,0.0,0.0,0.0,0.0,0.0,0.0,0.0,0.0,0.0,0.0,-0.03278688524590164,-0.13333333333333333,0.0,0.0,0.0,0.0,0.0,0.0,0.0,-1.492537313432836,0.32916666666666666,0.08602150537634405,-0.16666666666666669,0.6666666666666667,1.0,0.0,0.0,0.0,0.0,False,True,False,False,False,False,False,False,False,False,False,False,False,False,False,False,False,False,False,False,False,False,False,False,False,True,False,False,False,False,False,False,False,False,False,False,False,False,False,False,False,False,False,False,False,False,False,False,False,False,False,False,False,False,False,False,False,False,False,False,False,False,False,False,False,False,False,False,False,False,False,False,False,False,False,False,True,False
0,1,0,0,0.0,0.8641114982578397,1.0183028286189684,0.0,0.0,0.0,0.0,0.0,0.0,0.0,0.0,0.0,0.0,0.0,0.0,-0.02459016393442623,0.4,0.0,0.0,0.0,0.0,0.0,0.0,0.17,0.0,0.3625,0.08602150537634405,-0.16666666666666669,0.0,0.0,0.0,0.0,0.0,0.0,False,True,False,False,False,False,False,False,False,False,False,False,False,False,False,False,False,False,False,False,False,False,False,False,False,True,False,False,False,False,False,False,False,False,False,False,False,False,False,False,False,False,False,False,False,False,False,False,False,False,False,False,False,False,False,False,False,False,False,False,False,False,False,False,False,False,False,False,False,False,False,False,False,False,False,False,True,False
0,1,0,0,0.0,0.29965156794425085,7.023294509151414,0.0,0.0,0.0,0.0,0.0,0.0,0.0,0.0,0.0,0.0,0.0,0.0,-0.05737704918032787,-0.26666666666666666,0.0,0.0,0.0,0.0,0.0,0.0,1.0,-1.8955223880597014,0.3625,0.08602150537634405,-0.16666666666666669,33.333333333333336,4.0,0.0,0.0,0.0,0.0,False,True,False,False,False,False,False,False,False,False,False,False,False,False,False,False,False,False,False,False,False,False,False,False,False,True,False,False,False,False,False,False,False,False,False,False,False,False,False,False,False,False,False,False,False,False,False,False,False,False,False,False,False,False,False,False,False,False,False,False,False,False,False,False,False,False,False,False,False,False,False,False,False,False,False,False,True,False
0,0,0,0,0.0,0.006968641114982578,0.018302828618968387,0.0,0.0,0.0,0.0,0.0,0.0,0.0,0.0,0.0,0.0,0.0,0.0,4.114754098360656,33.6,0.0,0.0,0.0,0.0,0.0,0.0,0.0,0.0,0.3625,0.08602150537634405,-0.16666666666666669,33.333333333333336,0.0,0.0,0.0,0.0,0.0,False,False,True,False,False,False,False,False,False,False,False,False,False,False,False,False,False,False,False,False,False,False,False,False,False,False,False,False,False,False,False,False,False,False,False,False,False,False,False,False,False,False,False,False,False,False,False,False,True,False,False,False,False,False,False,False,False,False,False,False,False,False,False,False,False,False,False,False,False,False,False,False,False,False,False,False,True,False
0,1,0,0,0.0,0.4843205574912892,1.1863560732113145,0.0,0.0,0.0,0.0,0.0,0.0,0.0,0.0,0.0,0.0,0.0,0.0,-0.040983606557377046,0.6666666666666666,0.0,0.0,0.0,0.0,0.0,0.0,0.12,-1.3805970149253732,0.3625,0.08602150537634405,-0.16666666666666669,0.33333333333333337,1.0,0.0,0.0,0.0,0.0,False,True,False,False,False,False,False,False,False,False,False,False,False,False,False,False,False,False,False,False,False,False,False,False,False,True,False,False,False,False,False,False,False,False,False,False,False,False,False,False,False,False,False,False,False,False,False,False,False,False,False,False,False,False,False,False,False,False,False,False,False,False,False,False,False,False,False,False,False,False,False,False,False,False,False,False,True,False
0,0,0,0,0.0,-0.03484320557491289,0.13810316139767054,0.0,0.0,0.0,0.0,0.0,0.0,0.0,0.0,0.0,0.0,0.0,0.0,1.1639344262295082,14.933333333333334,0.0,0.0,0.0,0.0,-0.013333333333333345,0.16666666666666669,0.01,0.0,0.35833333333333334,0.08602150537634405,0.0,0.0,0.0,0.0,0.0,0.0,0.0,False,False,True,False,False,False,False,False,False,False,False,False,False,False,True,False,False,False,False,False,False,False,False,False,False,False,False,False,False,False,False,False,False,False,False,False,False,False,False,False,False,False,False,False,False,False,False,False,False,False,False,False,False,False,False,False,False,False,False,False,False,False,False,False,False,False,False,False,False,False,False,False,False,False,False,False,True,False
0,1,0,0,0.0,3.3937282229965158,0.47088186356073214,0.0,0.0,0.0,0.0,0.0,0.0,0.0,0.0,0.0,0.0,0.0,0.0,-0.05737704918032787,-0.3333333333333333,0.0,0.0,0.0,0.0,0.0,0.0,0.0,-1.791044776119403,-0.6458333333333334,-0.0537634408602151,3.166666666666667,2.3333333333333335,0.0,0.0,0.0,0.0,0.0,False,True,False,False,False,False,False,False,False,False,False,False,False,False,False,False,False,False,False,False,False,False,False,False,False,False,False,False,False,False,False,False,False,False,False,False,False,False,False,False,False,False,False,False,False,False,False,False,False,False,False,False,True,False,False,False,False,False,False,False,False,False,False,False,False,False,False,False,False,False,False,False,False,False,False,False,True,False
0,1,0,0,0.0,0.9721254355400697,6.2146422628951745,0.0,0.0,0.0,0.0,0.0,0.0,0.0,0.0,0.0,0.0,0.0,0.0,0.01639344262295082,0.26666666666666666,0.0,0.0,0.0,0.0,0.0,0.0,0.0,0.0,0.3625,0.08602150537634405,-0.16666666666666669,0.0,0.0,0.0,0.0,0.0,0.0,False,True,False,False,False,False,False,False,False,False,False,False,False,False,False,False,False,False,False,False,False,False,False,False,False,True,False,False,False,False,False,False,False,False,False,False,False,False,False,False,False,False,False,False,False,False,False,False,False,False,False,False,False,False,False,False,False,False,False,False,False,False,False,False,False,False,False,False,False,False,False,False,False,False,False,False,True,False
0,1,0,0,0.0,0.578397212543554,1.1547420965058237,0.0,0.0,0.0,0.0,0.0,0.0,0.0,0.0,0.0,0.0,0.0,0.0,0.13114754098360656,1.8666666666666667,0.0,0.0,0.0,0.0,0.0,0.0,0.09,0.0,0.3625,0.08602150537634405,-0.16666666666666669,0.0,0.0,0.0,0.0,0.0,0.0,False,True,False,False,False,False,False,False,False,False,False,False,False,False,False,False,False,False,False,False,False,False,False,False,False,True,False,False,False,False,False,False,False,False,False,False,False,False,False,False,False,False,False,False,False,False,False,False,False,False,False,False,False,False,False,False,False,False,False,False,False,False,False,False,False,False,False,False,False,False,False,False,False,False,False,False,True,False
0,1,0,0,0.0,0.7839721254355401,1.0965058236272878,0.0,0.0,0.0,0.0,0.0,0.0,0.0,0.0,0.0,0.0,0.0,0.0,-0.04918032786885246,-0.13333333333333333,0.0,0.0,0.0,0.0,0.0,0.0,0.5,-0.7686567164179104,0.3625,0.08602150537634405,-0.16666666666666669,0.33333333333333337,3.0,0.0,0.0,0.0,0.0,False,True,False,False,False,False,False,False,False,False,False,False,False,False,False,False,False,False,False,False,False,False,False,False,False,True,False,False,False,False,False,False,False,False,False,False,False,False,False,False,False,False,False,False,False,False,False,False,False,False,False,False,False,False,False,False,False,False,False,False,False,False,False,False,False,False,False,False,False,False,False,False,False,False,False,False,True,False
0,1,0,0,0.0,0.6306620209059234,4.5357737104825295,0.0,0.0,0.0,0.0,0.0,0.0,0.0,0.0,0.0,0.0,0.0,0.0,0.08196721311475409,1.2,0.0,0.0,0.0,0.0,0.0,0.0,0.17,0.0,0.3625,0.08602150537634405,-0.16666666666666669,0.0,0.0,0.0,0.0,0.0,0.0,False,True,False,False,False,False,False,False,False,False,False,False,False,False,False,False,False,False,False,False,False,False,False,False,False,True,False,False,False,False,False,False,False,False,False,False,False,False,False,False,False,False,False,False,False,False,False,False,False,False,False,False,False,False,False,False,False,False,False,False,False,False,False,False,False,False,False,False,False,False,False,False,False,False,False,False,True,False
0,1,0,0,0.0,0.735191637630662,25.21630615640599,0.0,0.0,0.0,0.0,0.0,0.0,0.0,0.0,0.0,0.0,0.0,0.0,-0.05737704918032787,0.13333333333333333,0.0,0.0,0.0,0.0,0.0,0.0,0.25,-1.873134328358209,-0.5708333333333333,0.08602150537634405,-0.16666666666666669,8.333333333333334,16.0,0.25,0.03,0.0,0.0,False,True,False,False,False,False,False,False,False,False,False,False,False,False,False,False,False,False,False,False,False,False,False,False,False,True,False,False,False,False,False,False,False,False,False,False,False,False,False,False,False,False,False,False,False,False,False,False,False,False,False,False,False,False,False,False,False,False,False,False,False,False,False,False,False,False,False,False,False,False,False,False,False,False,False,False,True,False
0,0,0,0,0.0,-0.041811846689895474,-0.0066555740432612314,0.0,0.0,0.0,0.0,0.0,0.0,0.0,0.0,0.0,0.0,0.0,0.0,0.0,0.4,0.0,0.0,0.0,0.0,0.0,0.0,0.17,0.0,0.3458333333333333,0.06451612903225801,0.0,0.0,0.0,0.0,0.0,0.0,0.0,False,False,True,False,False,False,False,False,False,False,False,False,False,False,True,False,False,False,False,False,False,False,False,False,False,False,False,False,False,False,False,False,False,False,False,False,False,False,False,False,False,False,False,False,False,False,False,False,False,False,False,False,False,False,False,False,False,False,False,False,False,False,False,False,False,False,False,False,False,False,False,False,False,False,False,False,True,False
0,1,0,0,0.0,1.1114982578397212,0.6422628951747088,0.0,0.0,0.0,0.0,0.0,0.0,0.0,0.0,0.0,0.0,0.0,0.0,0.10655737704918032,1.0,0.0,0.0,0.0,0.0,0.0,0.0,0.0,0.0,0.3625,0.08602150537634405,-0.16666666666666669,0.0,0.0,0.0,0.0,0.0,0.0,False,True,False,False,False,False,False,False,False,False,False,False,False,False,False,False,False,False,False,False,False,False,False,False,False,True,False,False,False,False,False,False,False,False,False,False,False,False,False,False,False,False,False,False,False,False,False,False,False,False,False,False,False,False,False,False,False,False,False,False,False,False,False,False,False,False,False,False,False,False,False,False,False,False,False,False,True,False
0,0,0,0,0.0,139.21254355400697,-0.07653910149750416,0.0,0.0,0.0,0.0,0.0,0.0,0.0,0.0,0.0,0.0,0.0,0.0,-0.040983606557377046,-0.2,0.0,0.0,0.0,0.0,0.0,0.0,0.0,-0.8432835820895522,-0.09583333333333334,-0.7419354838709679,0.5,7.666666666666667,40.0,0.0,0.0,0.05555555555555556,0.0,True,False,False,False,False,False,False,False,False,False,False,False,False,False,False,False,True,False,False,False,False,False,False,False,False,False,False,False,False,False,False,False,False,False,False,False,False,False,False,False,False,False,False,False,False,False,False,False,False,False,False,False,False,False,False,False,False,False,False,False,False,False,False,False,False,False,False,False,False,False,False,False,False,False,False,False,True,False
0,1,0,0,0.0,0.6411149825783972,-0.048252911813643926,0.0,0.0,0.0,0.0,0.0,0.0,0.0,0.0,0.0,0.0,0.0,0.0,-0.05737704918032787,0.2,0.0,0.0,0.0,0.0,0.0,0.0,0.22,-1.8955223880597014,0.3625,0.08602150537634405,-0.16666666666666669,33.333333333333336,4.0,0.0,0.0,0.0,0.0,False,True,False,False,False,False,False,False,False,False,False,False,False,False,False,False,False,False,False,False,False,False,False,False,False,True,False,False,False,False,False,False,False,False,False,False,False,False,False,False,False,False,False,False,False,False,False,False,False,False,False,False,False,False,False,False,False,False,False,False,False,False,False,False,False,False,False,False,False,False,False,False,False,False,False,False,True,False
0,0,0,0,0.0,-0.18815331010452963,2.339434276206323,0.0,0.0,0.0,0.0,0.0,0.0,0.0,0.0,0.0,0.0,0.0,0.0,-0.03278688524590164,0.26666666666666666,0.25,0.1,0.0,0.0,0.0,0.0,0.2,-0.014925373134328358,0.3625,0.08602150537634405,-0.16666666666666669,0.0,1.0,0.0,0.0,0.0,0.0,False,True,False,False,False,False,False,False,False,False,False,False,False,False,False,False,False,False,False,False,False,False,False,False,False,True,False,False,False,False,False,False,False,False,False,False,False,False,False,False,False,False,False,False,False,False,False,False,False,False,False,False,False,False,False,False,False,False,False,False,False,False,False,False,False,False,False,False,False,False,False,False,False,False,False,False,True,False
0,1,0,0,0.0,1.0418118466898956,7.6222961730449255,0.0,0.0,0.0,0.0,0.0,0.0,0.0,0.0,0.0,0.0,0.0,0.0,0.09836065573770492,0.9333333333333333,0.0,0.0,0.0,0.0,0.0,0.0,0.0,0.0,0.3625,0.08602150537634405,-0.16666666666666669,0.0,0.0,0.0,0.0,0.0,0.0,False,True,False,False,False,False,False,False,False,False,False,False,False,False,False,False,False,False,False,False,False,False,False,False,False,True,False,False,False,False,False,False,False,False,False,False,False,False,False,False,False,False,False,False,False,False,False,False,False,False,False,False,False,False,False,False,False,False,False,False,False,False,False,False,False,False,False,False,False,False,False,False,False,False,False,False,True,False
0,0,0,0,0.0,-0.006968641114982578,0.014975041597337771,0.0,0.0,0.0,0.0,0.0,0.0,0.0,0.0,0.0,0.0,0.0,0.0,4.098360655737705,33.46666666666667,0.0,0.0,0.0,0.0,0.0,0.0,0.0,0.0,0.3625,0.08602150537634405,-0.16666666666666669,27.333333333333332,0.0,0.0,0.0,0.0,0.0,False,False,True,False,False,False,False,False,False,False,False,False,False,False,False,False,False,False,False,False,False,False,False,False,False,False,False,False,False,False,False,False,False,False,False,False,False,False,False,False,False,False,False,False,False,False,False,False,True,False,False,False,False,False,False,False,False,False,False,False,False,False,False,False,False,False,False,False,False,False,False,False,False,False,False,False,True,False
0,1,0,0,0.0,0.8118466898954704,7.02495840266223,0.0,0.0,0.0,0.0,0.0,0.0,0.0,0.0,0.0,0.0,0.0,0.0,0.040983606557377046,0.5333333333333333,0.0,0.0,0.0,0.0,0.0,0.0,0.14,-1.5223880597014925,0.3625,0.08602150537634405,-0.16666666666666669,0.6666666666666667,5.0,0.0,0.0,0.0,0.0,False,True,False,False,False,False,False,False,False,False,False,False,False,False,False,False,False,False,False,False,False,False,False,False,False,True,False,False,False,False,False,False,False,False,False,False,False,False,False,False,False,False,False,False,False,False,False,False,False,False,False,False,False,False,False,False,False,False,False,False,False,False,False,False,False,False,False,False,False,False,False,False,False,False,False,False,True,False
0,1,0,0,0.0,0.8710801393728222,5.64891846921797,0.0,0.0,0.0,0.0,0.0,0.0,0.0,0.0,0.0,0.0,0.0,0.0,0.11475409836065574,1.0666666666666667,0.0,0.0,0.0,0.0,0.0,0.0,0.0,-1.7388059701492538,0.3625,0.08602150537634405,-0.16666666666666669,1.6666666666666667,4.0,0.0,0.0,0.0,0.0,False,True,False,False,False,False,False,False,False,False,False,False,False,False,False,False,False,False,False,False,False,False,False,False,False,True,False,False,False,False,False,False,False,False,False,False,False,False,False,False,False,False,False,False,False,False,False,False,False,False,False,False,False,False,False,False,False,False,False,False,False,False,False,False,False,False,False,False,False,False,False,False,False,False,False,False,True,False
0,1,0,0,0.0,0.7038327526132404,7.484193011647254,0.0,0.0,0.0,0.0,0.0,0.0,0.0,0.0,0.0,0.0,0.0,0.0,0.05737704918032787,0.6,0.0,0.0,0.0,0.0,0.0,0.0,0.0,-1.4850746268656716,0.2833333333333333,0.08602150537634405,-0.16666666666666669,0.6666666666666667,2.0,0.0,0.0,0.0,0.0,False,True,False,False,False,False,False,False,False,False,False,False,False,False,False,False,False,False,False,False,False,False,False,False,False,True,False,False,False,False,False,False,False,False,False,False,False,False,False,False,False,False,False,False,False,False,False,False,False,False,False,False,False,False,False,False,False,False,False,False,False,False,False,False,False,False,False,False,False,False,False,False,False,False,False,False,True,False
0,0,0,0,0.0,-0.14982578397212543,-0.07653910149750416,0.0,0.0,0.0,0.0,0.0,0.0,0.0,0.0,0.0,0.0,0.0,0.0,-0.04918032786885246,-0.26666666666666666,0.0,0.0,0.0,0.0,0.0,0.0,0.0,0.0,-0.6833333333333333,-0.9677419354838711,0.16666666666666669,0.6666666666666667,0.0,0.87,0.0,0.02777777777777778,0.0,False,True,False,False,False,False,False,False,False,False,False,False,False,False,False,False,False,False,False,False,False,False,True,False,False,False,False,False,False,False,False,False,False,False,False,False,False,False,False,False,False,False,False,False,False,False,False,False,False,False,False,False,False,False,False,False,False,False,False,False,False,False,False,False,False,False,False,False,False,False,False,False,False,False,False,False,True,False
0,1,0,0,0.0,1.0731707317073171,1.0499168053244592,0.0,0.0,0.0,0.0,0.0,0.0,0.0,0.0,0.0,0.0,0.0,0.0,0.01639344262295082,0.26666666666666666,0.0,0.0,0.0,0.0,0.0,0.0,0.0,-1.1119402985074627,0.2625,0.08602150537634405,-0.16666666666666669,0.33333333333333337,3.0,0.0,0.0,0.0,0.0,False,True,False,False,False,False,False,False,False,False,False,False,False,False,False,False,False,False,False,False,False,False,False,False,False,True,False,False,False,False,False,False,False,False,False,False,False,False,False,False,False,False,False,False,False,False,False,False,False,False,False,False,False,False,False,False,False,False,False,False,False,False,False,False,False,False,False,False,False,False,False,False,False,False,False,False,True,False
0,1,0,0,0.0,0.5470383275261324,122.36605657237936,0.0,0.0,0.0,0.0,0.0,0.0,0.0,0.0,0.0,0.0,0.0,0.0,-0.040983606557377046,-0.2,0.0,0.0,0.0,0.0,0.0,0.0,0.0,-1.544776119402985,0.3625,0.08602150537634405,-0.16666666666666669,0.6666666666666667,4.0,0.0,0.0,0.0,0.0,False,True,False,False,False,False,False,False,False,False,False,False,False,False,False,False,False,False,False,False,False,False,False,False,False,True,False,False,False,False,False,False,False,False,False,False,False,False,False,False,False,False,False,False,False,False,False,False,False,False,False,False,False,False,False,False,False,False,False,False,False,False,False,False,False,False,False,False,False,False,False,False,False,False,False,False,True,False
0,1,0,0,0.0,0.662020905923345,10.499168053244592,0.0,0.0,0.0,0.0,0.0,0.0,0.0,0.0,0.0,0.0,0.0,0.0,-0.03278688524590164,-0.13333333333333333,0.0,0.0,0.0,0.0,0.0,0.0,0.0,0.0,0.3625,0.08602150537634405,-0.16666666666666669,0.0,0.0,0.0,0.0,0.0,0.0,False,True,False,False,False,False,False,False,False,False,False,False,False,False,False,False,False,False,False,False,False,False,False,False,False,True,False,False,False,False,False,False,False,False,False,False,False,False,False,False,False,False,False,False,False,False,False,False,False,False,False,False,False,False,False,False,False,False,False,False,False,False,False,False,False,False,False,False,False,False,False,False,False,False,False,False,True,False
0,0,0,0,0.0,-0.03484320557491289,-0.0033277870216306157,0.0,0.0,0.0,0.0,0.0,0.0,0.0,0.0,0.0,0.0,0.0,0.0,0.5901639344262295,10.266666666666667,0.0,0.0,0.0,0.0,0.0,0.0,0.01,0.0,0.35833333333333334,0.08602150537634405,0.0,0.33333333333333337,0.0,0.0,0.0,0.0,0.0,False,False,True,False,False,False,False,False,False,False,False,False,False,False,True,False,False,False,False,False,False,False,False,False,False,False,False,False,False,False,False,False,False,False,False,False,False,False,False,False,False,False,False,False,False,False,False,False,False,False,False,False,False,False,False,False,False,False,False,False,False,False,False,False,False,False,False,False,False,False,False,False,False,False,False,False,True,False
0,1,0,0,0.0,0.5679442508710801,0.632279534109817,0.0,0.0,0.0,0.0,0.0,0.0,0.0,0.0,0.0,0.0,0.0,0.0,-0.02459016393442623,-0.06666666666666667,0.0,0.0,0.0,0.0,0.0,0.0,0.0,-1.4701492537313432,0.3125,0.08602150537634405,-0.16666666666666669,0.6666666666666667,3.0,0.0,0.0,0.0,0.0,False,True,False,False,False,False,False,False,False,False,False,False,False,False,False,False,False,False,False,False,False,False,False,False,False,True,False,False,False,False,False,False,False,False,False,False,False,False,False,False,False,False,False,False,False,False,False,False,False,False,False,False,False,False,False,False,False,False,False,False,False,False,False,False,False,False,False,False,False,False,False,False,False,False,False,False,True,False
0,1,0,0,0.0,0.9651567944250871,2.0848585690515806,0.0,0.0,0.0,0.0,0.0,0.0,0.0,0.0,0.0,0.0,0.0,0.0,0.20491803278688525,1.8,0.0,0.0,0.0,0.0,0.0,0.0,0.0,0.0,0.3625,0.08602150537634405,-0.16666666666666669,0.0,0.0,0.0,0.0,0.0,0.0,False,True,False,False,False,False,False,False,False,False,False,False,False,False,False,False,False,False,False,False,False,False,False,False,False,True,False,False,False,False,False,False,False,False,False,False,False,False,False,False,False,False,False,False,False,False,False,False,False,False,False,False,False,False,False,False,False,False,False,False,False,False,False,False,False,False,False,False,False,False,False,False,False,False,False,False,True,False
0,1,0,0,0.0,0.5226480836236934,2.8552412645590683,0.0,0.0,0.0,0.0,0.0,0.0,0.0,0.0,0.0,0.0,0.0,0.0,0.07377049180327869,0.7333333333333333,0.0,0.0,0.0,0.0,0.0,0.0,0.0,-0.16417910447761194,0.3625,0.08602150537634405,-0.16666666666666669,0.0,1.0,0.0,0.0,0.0,0.0,False,True,False,False,False,False,False,False,False,False,False,False,False,False,False,False,False,False,False,False,False,False,False,False,False,True,False,False,False,False,False,False,False,False,False,False,False,False,False,False,False,False,False,False,False,False,False,False,False,False,False,False,False,False,False,False,False,False,False,False,False,False,False,False,False,False,False,False,False,False,False,False,False,False,False,False,True,False
0,1,0,0,0.0,0.926829268292683,0.6788685524126455,0.0,0.0,0.0,0.0,0.0,0.0,0.0,0.0,0.0,0.0,0.0,0.0,0.0,0.13333333333333333,0.0,0.0,0.0,0.0,0.0,0.0,0.0,0.0,0.3625,0.08602150537634405,-0.16666666666666669,0.0,0.0,0.0,0.0,0.0,0.0,False,True,False,False,False,False,False,False,False,False,False,False,False,False,False,False,False,False,False,False,False,False,False,False,False,True,False,False,False,False,False,False,False,False,False,False,False,False,False,False,False,False,False,False,False,False,False,False,False,False,False,False,False,False,False,False,False,False,False,False,False,False,False,False,False,False,False,False,False,False,False,False,False,False,False,False,True,False
0,1,0,0,0.0,0.6341463414634146,17.399334442595674,0.0,0.0,0.0,0.0,0.0,0.0,0.0,0.0,0.0,0.0,0.0,0.0,-0.040983606557377046,-0.2,0.0,0.0,0.0,0.0,0.0,0.0,0.0,0.0,0.3625,0.08602150537634405,-0.16666666666666669,0.0,0.0,0.0,0.0,0.0,0.0,False,True,False,False,False,False,False,False,False,False,False,False,False,False,False,False,False,False,False,False,False,False,False,False,False,True,False,False,False,False,False,False,False,False,False,False,False,False,False,False,False,False,False,False,False,False,False,False,False,False,False,False,False,False,False,False,False,False,False,False,False,False,False,False,False,False,False,False,False,False,False,False,False,False,False,False,True,False
0,0,0,0,0.0,-0.03484320557491289,-0.0033277870216306157,0.0,0.0,0.0,0.0,0.0,0.0,0.0,0.0,0.0,0.0,0.0,0.0,1.819672131147541,14.933333333333334,0.0,0.0,0.0,0.0,0.0,0.0,0.0,0.0,0.3625,0.08602150537634405,-0.16666666666666669,0.0,0.0,0.0,0.0,0.0,0.0,False,False,True,False,False,False,False,False,False,False,False,False,False,False,True,False,False,False,False,False,False,False,False,False,False,False,False,False,False,False,False,False,False,False,False,False,False,False,False,False,False,False,False,False,False,False,False,False,False,False,False,False,False,False,False,False,False,False,False,False,False,False,False,False,False,False,False,False,False,False,False,False,False,False,False,False,True,False
0,1,0,0,0.0,1.0557491289198606,0.33444259567387685,0.0,0.0,0.0,0.0,0.0,0.0,0.0,0.0,0.0,0.0,0.0,0.0,-0.05737704918032787,-0.2,0.0,0.0,0.0,0.0,0.0,0.0,0.67,-0.9253731343283582,0.3625,0.08602150537634405,-0.16666666666666669,0.33333333333333337,3.0,0.0,0.0,0.0,0.0,False,True,False,False,False,False,False,False,False,False,False,False,False,False,False,False,False,False,False,False,False,False,False,False,False,True,False,False,False,False,False,False,False,False,False,False,False,False,False,False,False,False,False,False,False,False,False,False,False,False,False,False,False,False,False,False,False,False,False,False,False,False,False,False,False,False,False,False,False,False,False,False,False,False,False,False,True,False
0,1,0,0,0.0,0.7142857142857143,3.5324459234608985,0.0,0.0,0.0,0.0,0.0,0.0,0.0,0.0,0.0,0.0,0.0,0.0,-0.05737704918032787,-0.3333333333333333,0.0,0.0,0.0,0.0,0.0,0.0,0.0,0.0,0.25416666666666665,-0.02150537634408604,0.16666666666666669,0.0,0.0,0.0,0.0,0.16666666666666666,0.0,False,True,False,False,False,False,False,False,False,False,False,False,False,False,False,False,False,False,False,False,False,False,False,False,False,True,False,False,False,False,False,False,False,False,False,False,False,False,False,False,False,False,False,False,False,False,False,False,False,False,False,False,False,False,False,False,False,False,False,False,False,False,False,False,False,False,False,False,False,False,False,False,False,False,False,False,True,False
0,1,0,0,0.0,0.5679442508710801,1.0349417637271214,0.0,0.0,0.0,0.0,0.0,0.0,0.0,0.0,0.0,0.0,0.0,0.0,-0.00819672131147541,0.5333333333333333,0.0,0.0,0.0,0.0,0.0,0.0,0.14,-1.835820895522388,0.2625,0.08602150537634405,-0.16666666666666669,3.666666666666667,6.0,0.0,0.0,0.0,0.0,False,True,False,False,False,False,False,False,False,False,False,False,False,False,False,False,False,False,False,False,False,False,False,False,False,True,False,False,False,False,False,False,False,False,False,False,False,False,False,False,False,False,False,False,False,False,False,False,False,False,False,False,False,False,False,False,False,False,False,False,False,False,False,False,False,False,False,False,False,False,False,False,False,False,False,False,True,False
0,0,0,0,0.0,-0.03484320557491289,0.1464226289517471,0.0,0.0,0.0,0.0,0.0,0.0,0.0,0.0,0.0,0.0,0.0,0.0,0.6147540983606558,10.466666666666667,0.0,0.0,0.0,0.0,0.0,0.0,0.01,0.0,0.3625,0.08602150537634405,-0.16666666666666669,0.0,0.0,0.0,0.0,0.0,0.0,False,False,True,False,False,False,False,False,False,False,False,False,False,False,True,False,False,False,False,False,False,False,False,False,False,False,False,False,False,False,False,False,False,False,False,False,False,False,False,False,False,False,False,False,False,False,False,False,False,False,False,False,False,False,False,False,False,False,False,False,False,False,False,False,False,False,False,False,False,False,False,False,False,False,False,False,True,False
0,1,0,0,0.0,0.9407665505226481,22.111480865224625,0.0,0.0,0.0,0.0,0.0,0.0,0.0,0.0,0.0,0.0,0.0,0.0,0.09836065573770492,1.5333333333333334,0.0,0.0,0.0,0.0,0.0,0.0,0.07,-1.7537313432835822,0.3625,0.08602150537634405,-0.16666666666666669,1.6666666666666667,7.000000000000001,0.0,0.0,0.0,0.0,False,True,False,False,False,False,False,False,False,False,False,False,False,False,False,False,False,False,False,False,False,False,False,False,False,True,False,False,False,False,False,False,False,False,False,False,False,False,False,False,False,False,False,False,False,False,False,False,False,False,False,False,False,False,False,False,False,False,False,False,False,False,False,False,False,False,False,False,False,False,False,False,False,False,False,False,True,False
0,1,0,0,0.0,0.5644599303135889,15.149750415973378,0.0,0.0,0.0,0.0,0.0,0.0,0.0,0.0,0.0,0.0,0.0,0.0,-0.00819672131147541,0.3333333333333333,0.0,0.0,0.0,0.0,0.0,0.0,0.27,-1.5597014925373134,0.3625,0.08602150537634405,-0.16666666666666669,0.6666666666666667,1.0,0.0,0.0,0.0,0.0,False,True,False,False,False,False,False,False,False,False,False,False,False,False,False,False,False,False,False,False,False,False,False,False,False,True,False,False,False,False,False,False,False,False,False,False,False,False,False,False,False,False,False,False,False,False,False,False,False,False,False,False,False,False,False,False,False,False,False,False,False,False,False,False,False,False,False,False,False,False,False,False,False,False,False,False,True,False
0,1,0,0,0.0,0.43902439024390244,7.316139767054908,0.0,0.0,0.0,0.0,0.0,0.0,0.0,0.0,0.0,0.0,0.0,0.0,-0.05737704918032787,0.3333333333333333,0.0,0.0,0.0,0.0,0.0,0.0,0.18,-1.2014925373134329,0.3625,0.08602150537634405,-0.16666666666666669,0.33333333333333337,1.0,0.0,0.0,0.0,0.0,False,True,False,False,False,False,False,False,False,False,False,False,False,False,False,False,False,False,False,False,False,False,False,False,False,True,False,False,False,False,False,False,False,False,False,False,False,False,False,False,False,False,False,False,False,False,False,False,False,False,False,False,False,False,False,False,False,False,False,False,False,False,False,False,False,False,False,False,False,False,False,False,False,False,False,False,True,False
0,1,0,0,0.0,0.8362369337979094,10.642262895174708,0.0,0.0,0.0,0.0,0.0,0.0,0.0,0.0,0.0,0.0,0.0,0.0,0.11475409836065574,2.6666666666666665,0.0,0.0,0.0,0.0,0.0,0.0,0.11,-0.5597014925373134,0.3625,0.08602150537634405,-0.16666666666666669,0.33333333333333337,1.0,0.0,0.0,0.0,0.0,False,True,False,False,False,False,False,False,False,False,False,False,False,False,False,False,False,False,False,False,False,False,False,False,False,True,False,False,False,False,False,False,False,False,False,False,False,False,False,False,False,False,False,False,False,False,False,False,False,False,False,False,False,False,False,False,False,False,False,False,False,False,False,False,False,False,False,False,False,False,False,False,False,False,False,False,True,False
0,1,0,0,0.0,0.8815331010452961,0.7287853577371048,0.0,0.0,0.0,0.0,0.0,0.0,0.0,0.0,0.0,0.0,0.0,0.0,-0.04918032786885246,-0.26666666666666666,0.0,0.0,0.0,0.0,0.0,0.0,0.0,-1.828358208955224,0.3625,0.08602150537634405,-0.16666666666666669,3.3333333333333335,5.0,0.0,0.0,0.0,0.0,False,True,False,False,False,False,False,False,False,False,False,False,False,False,False,False,False,False,False,False,False,False,False,False,False,True,False,False,False,False,False,False,False,False,False,False,False,False,False,False,False,False,False,False,False,False,False,False,False,False,False,False,False,False,False,False,False,False,False,False,False,False,False,False,False,False,False,False,False,False,False,False,False,False,False,False,True,False
0,1,0,0,0.0,0.6097560975609756,0.7703826955074875,0.0,0.0,0.0,0.0,0.0,0.0,0.0,0.0,0.0,0.0,0.0,0.0,-0.05737704918032787,-0.3333333333333333,0.0,0.0,0.0,0.0,0.0,0.0,0.0,-1.7462686567164178,0.3625,0.08602150537634405,-0.16666666666666669,1.6666666666666667,4.0,0.0,0.0,0.0,0.0,False,True,False,False,False,False,False,False,False,False,False,False,False,False,False,False,False,False,False,False,False,False,False,False,False,True,False,False,False,False,False,False,False,False,False,False,False,False,False,False,False,False,False,False,False,False,False,False,False,False,False,False,False,False,False,False,False,False,False,False,False,False,False,False,False,False,False,False,False,False,False,False,False,False,False,False,True,False
0,0,0,0,0.0,-0.027874564459930314,0.04658901830282862,0.0,0.0,0.0,0.0,0.0,0.0,0.0,0.0,0.0,0.0,0.0,0.0,1.2459016393442623,10.266666666666667,0.0,0.0,0.0,0.0,0.0,0.0,0.0,0.0,0.3625,0.08602150537634405,-0.16666666666666669,0.33333333333333337,0.0,0.0,0.0,0.0,0.0,False,False,True,False,False,False,False,False,False,False,False,False,False,False,True,False,False,False,False,False,False,False,False,False,False,False,False,False,False,False,False,False,False,False,False,False,False,False,False,False,False,False,False,False,False,False,False,False,False,False,False,False,False,False,False,False,False,False,False,False,False,False,False,False,False,False,False,False,False,False,False,False,False,False,False,False,True,False
0,1,0,0,0.0,0.8083623693379791,1.454242928452579,0.0,0.0,0.0,0.0,0.0,0.0,0.0,0.0,0.0,0.0,0.0,0.0,0.06557377049180328,0.8666666666666667,0.0,0.0,0.0,0.0,0.0,0.0,0.16,-0.7686567164179104,0.3625,0.08602150537634405,-0.16666666666666669,0.33333333333333337,1.0,0.0,0.0,0.0,0.0,False,True,False,False,False,False,False,False,False,False,False,False,False,False,False,False,False,False,False,False,False,False,False,False,False,True,False,False,False,False,False,False,False,False,False,False,False,False,False,False,False,False,False,False,False,False,False,False,False,False,False,False,False,False,False,False,False,False,False,False,False,False,False,False,False,False,False,False,False,False,False,False,False,False,False,False,True,False
0,0,0,0,0.0,0.003484320557491289,0.0066555740432612314,0.0,0.0,0.0,0.0,0.0,0.0,0.0,0.0,0.0,0.0,0.0,0.0,2.180327868852459,17.866666666666667,0.0,0.0,0.0,0.0,0.0,0.0,0.0,0.0,0.3625,0.08602150537634405,-0.16666666666666669,28.666666666666668,0.0,0.0,0.0,0.0,0.0,False,False,True,False,False,False,False,False,False,False,False,False,False,False,False,False,False,False,False,False,False,False,False,False,False,False,False,False,False,False,False,False,False,False,False,False,False,False,False,False,False,False,False,False,False,False,False,False,True,False,False,False,False,False,False,False,False,False,False,False,False,False,False,False,False,False,False,False,False,False,False,False,False,False,False,False,True,False
0,0,0,0,0.0,-0.0313588850174216,0.15307820299500832,0.0,0.0,0.0,0.0,0.0,0.0,0.0,0.0,0.0,0.0,0.0,0.0,0.7377049180327869,11.466666666666667,0.0,0.0,0.0,0.0,-0.013333333333333345,0.33333333333333337,0.01,0.0,0.35833333333333334,0.08602150537634405,0.0,0.0,0.0,0.0,0.0,0.0,0.0,False,False,True,False,False,False,False,False,False,False,False,False,False,False,True,False,False,False,False,False,False,False,False,False,False,False,False,False,False,False,False,False,False,False,False,False,False,False,False,False,False,False,False,False,False,False,False,False,False,False,False,False,False,False,False,False,False,False,False,False,False,False,False,False,False,False,False,False,False,False,False,False,False,False,False,False,True,False
0,1,0,0,0.0,0.5331010452961672,0.9850249584026622,0.0,0.0,0.0,0.0,0.0,0.0,0.0,0.0,0.0,0.0,0.0,0.0,0.04918032786885246,0.5333333333333333,0.0,0.0,0.0,0.0,0.0,0.0,0.0,0.0,0.3625,0.08602150537634405,-0.16666666666666669,0.0,0.0,0.0,0.0,0.0,0.0,False,True,False,False,False,False,False,False,False,False,False,False,False,False,False,False,False,False,False,False,False,False,False,False,False,True,False,False,False,False,False,False,False,False,False,False,False,False,False,False,False,False,False,False,False,False,False,False,False,False,False,False,False,False,False,False,False,False,False,False,False,False,False,False,False,False,False,False,False,False,False,False,False,False,False,False,True,False
0,1,0,0,0.0,0.6027874564459931,2.750415973377704,0.0,0.0,0.0,0.0,0.0,0.0,0.0,0.0,0.0,0.0,0.0,0.0,-0.00819672131147541,0.06666666666666667,0.0,0.0,0.0,0.0,0.0,0.0,0.0,-1.8507462686567164,0.3625,0.08602150537634405,-0.16666666666666669,4.666666666666667,1.0,0.0,0.0,0.0,0.0,False,True,False,False,False,False,False,False,False,False,False,False,False,False,False,False,False,False,False,False,False,False,False,False,False,True,False,False,False,False,False,False,False,False,False,False,False,False,False,False,False,False,False,False,False,False,False,False,False,False,False,False,False,False,False,False,False,False,False,False,False,False,False,False,False,False,False,False,False,False,False,False,False,False,False,False,True,False
0,1,0,0,1.0,3.278745644599303,0.47254575707154745,0.0,0.0,0.0,0.0,0.0,0.0,0.0,0.0,0.0,0.0,0.0,0.0,-0.05737704918032787,-0.3333333333333333,0.0,0.0,0.0,0.0,0.0,0.0,0.0,-1.4402985074626866,-0.525,-0.2795698924731183,0.6666666666666667,0.6666666666666667,5.0,0.0,0.0,0.0,0.0,False,True,False,False,False,False,False,False,False,False,False,False,False,False,False,False,False,False,False,False,False,False,False,False,False,False,False,False,False,False,False,False,False,False,False,False,False,False,False,False,False,False,False,False,False,False,False,False,False,False,False,False,True,False,False,False,False,False,False,False,False,False,False,False,False,False,False,False,False,False,False,False,False,False,False,False,True,False
0,1,0,0,0.0,0.6515679442508711,0.2512479201331115,0.0,0.0,0.0,0.0,0.0,0.0,0.0,0.0,0.0,0.0,0.0,0.0,-0.05737704918032787,-0.3333333333333333,0.0,0.0,0.0,0.0,0.0,0.0,0.0,-1.8955223880597014,-0.1875,0.08602150537634405,-0.16666666666666669,33.333333333333336,2.0,0.0,0.0,0.0,0.0,False,True,False,False,False,False,False,False,False,False,False,False,False,False,False,False,False,False,False,False,False,False,False,False,False,True,False,False,False,False,False,False,False,False,False,False,False,False,False,False,False,False,False,False,False,False,False,False,False,False,False,False,False,False,False,False,False,False,False,False,False,False,False,False,False,False,False,False,False,False,False,False,False,False,False,False,True,False
0,1,0,0,0.0,0.6480836236933798,6.778702163061564,0.0,0.0,0.0,0.0,0.0,0.0,0.0,0.0,0.0,0.0,0.0,0.0,-0.040983606557377046,-0.2,0.0,0.0,0.0,0.0,0.0,0.0,0.0,-1.544776119402985,0.3625,0.08602150537634405,-0.16666666666666669,0.6666666666666667,4.0,0.0,0.0,0.0,0.0,False,True,False,False,False,False,False,False,False,False,False,False,False,False,False,False,False,False,False,False,False,False,False,False,False,True,False,False,False,False,False,False,False,False,False,False,False,False,False,False,False,False,False,False,False,False,False,False,False,False,False,False,False,False,False,False,False,False,False,False,False,False,False,False,False,False,False,False,False,False,False,False,False,False,False,False,True,False
0,1,0,0,0.0,5.606271777003484,0.39933444259567386,0.0,0.0,0.0,0.0,0.0,0.0,0.0,0.0,0.0,0.0,0.0,0.0,-0.05737704918032787,-0.3333333333333333,0.0,0.0,0.0,0.0,0.0,0.0,0.0,-1.7238805970149254,0.020833333333333332,-0.13978494623655915,1.8333333333333335,1.3333333333333335,1.0,0.0,0.0,0.0,0.0,False,True,False,False,False,False,False,False,False,False,False,False,False,False,False,False,False,False,False,False,False,False,False,False,False,False,False,False,False,False,False,False,False,False,False,False,False,False,False,False,False,False,False,False,False,False,False,False,False,False,False,False,True,False,False,False,False,False,False,False,False,False,False,False,False,False,False,False,False,False,False,False,False,False,False,False,True,False
0,0,0,0,0.0,-0.003484320557491289,0.008319467554076539,0.0,0.0,0.0,0.0,0.0,0.0,0.0,0.0,0.0,0.0,0.0,0.0,4.057377049180328,33.13333333333333,0.0,0.0,0.0,0.0,0.0,0.0,0.0,0.0,0.3625,0.08602150537634405,-0.16666666666666669,27.333333333333332,0.0,0.0,0.0,0.0,0.0,False,False,True,False,False,False,False,False,False,False,False,False,False,False,False,False,False,False,False,False,False,False,False,False,False,False,False,False,False,False,False,False,False,False,False,False,False,False,False,False,False,False,False,False,False,False,False,False,True,False,False,False,False,False,False,False,False,False,False,False,False,False,False,False,False,False,False,False,False,False,False,False,False,False,False,False,True,False
0,1,0,0,0.0,0.627177700348432,3.093178036605657,0.0,0.0,0.0,0.0,0.0,0.0,0.0,0.0,0.0,0.0,0.0,0.0,-0.03278688524590164,-0.13333333333333333,0.0,0.0,0.0,0.0,0.0,0.0,0.0,-1.6492537313432836,0.3625,0.08602150537634405,-0.16666666666666669,1.0,1.0,0.0,0.0,0.0,0.0,False,True,False,False,False,False,False,False,False,False,False,False,False,False,False,False,False,False,False,False,False,False,False,False,False,True,False,False,False,False,False,False,False,False,False,False,False,False,False,False,False,False,False,False,False,False,False,False,False,False,False,False,False,False,False,False,False,False,False,False,False,False,False,False,False,False,False,False,False,False,False,False,False,False,False,False,True,False
0,1,0,0,0.0,0.5749128919860628,2.103161397670549,0.0,0.0,0.0,0.0,0.0,0.0,0.0,0.0,0.0,0.0,0.0,0.0,-0.03278688524590164,-0.13333333333333333,0.0,0.0,0.0,0.0,0.0,0.0,0.0,-1.873134328358209,0.3458333333333333,0.08602150537634405,-0.16666666666666669,8.333333333333334,8.0,0.0,0.0,0.0,0.0,False,True,False,False,False,False,False,False,False,False,False,False,False,False,False,False,False,False,False,False,False,False,False,False,False,True,False,False,False,False,False,False,False,False,False,False,False,False,False,False,False,False,False,False,False,False,False,False,False,False,False,False,False,False,False,False,False,False,False,False,False,False,False,False,False,False,False,False,False,False,False,False,False,False,False,False,True,False
0,0,0,0,0.0,45.048780487804876,-0.07653910149750416,0.0,0.0,0.0,0.0,0.0,0.0,0.0,0.0,0.0,0.0,0.0,0.0,-0.04918032786885246,-0.26666666666666666,0.0,0.0,0.0,0.0,0.0,0.0,0.0,-0.7014925373134329,-0.35833333333333334,-0.4408602150537635,0.3333333333333333,17.0,0.0,0.0,0.0,0.02777777777777778,0.0,False,True,False,False,False,False,False,False,False,False,False,False,False,False,False,False,False,False,False,False,False,False,True,False,False,False,False,False,False,False,False,False,False,False,False,False,False,False,False,False,False,False,False,False,False,False,False,False,False,False,False,False,False,False,False,False,False,False,False,False,False,False,False,False,False,False,False,False,False,False,False,False,False,False,False,False,True,False
0,0,0,0,0.0,0.17770034843205576,0.16805324459234608,0.0,0.0,0.0,0.0,0.0,0.0,0.0,0.0,0.0,0.0,0.0,0.0,-0.040983606557377046,-0.2,0.0,0.0,0.0,0.0,0.0,0.0,0.0,0.0,0.35833333333333334,0.08602150537634405,0.0,0.0,0.0,0.0,0.0,0.0,0.0,False,False,True,False,False,False,False,False,False,False,False,False,False,False,False,False,False,False,False,False,False,False,False,False,False,False,False,False,False,False,False,False,False,False,False,False,False,False,False,False,False,False,False,False,False,False,False,False,True,False,False,False,False,False,False,False,False,False,False,False,False,False,False,False,False,False,False,False,False,False,False,False,False,False,False,False,True,False
0,0,0,0,0.0,-0.03832752613240418,-0.004991680532445923,0.0,0.0,0.0,0.0,0.0,0.0,0.0,0.0,0.0,0.0,0.0,0.0,0.3360655737704918,2.8666666666666667,0.0,0.0,0.0,0.0,0.0,0.0,0.0,0.0,0.3625,0.08602150537634405,-0.16666666666666669,0.0,0.0,0.0,0.0,0.0,0.0,False,False,True,False,False,False,False,False,False,False,False,False,False,False,True,False,False,False,False,False,False,False,False,False,False,False,False,False,False,False,False,False,False,False,False,False,False,False,False,False,False,False,False,False,False,False,False,False,False,False,False,False,False,False,False,False,False,False,False,False,False,False,False,False,False,False,False,False,False,False,False,False,False,False,False,False,True,False
0,1,0,0,0.0,0.6515679442508711,1.2129783693843594,0.0,0.0,0.0,0.0,0.0,0.0,0.0,0.0,0.0,0.0,0.0,0.0,-0.00819672131147541,0.06666666666666667,0.0,0.0,0.0,0.0,0.0,0.0,0.0,0.0,0.3625,0.08602150537634405,-0.16666666666666669,0.0,0.0,0.0,0.0,0.0,0.0,False,True,False,False,False,False,False,False,False,False,False,False,False,False,False,False,False,False,False,False,False,False,False,False,False,True,False,False,False,False,False,False,False,False,False,False,False,False,False,False,False,False,False,False,False,False,False,False,False,False,False,False,False,False,False,False,False,False,False,False,False,False,False,False,False,False,False,False,False,False,False,False,False,False,False,False,True,False
0,0,0,0,0.0,-0.03484320557491289,-0.0033277870216306157,0.0,0.0,0.0,0.0,0.0,0.0,0.0,0.0,0.0,0.0,0.0,0.0,0.4262295081967213,8.933333333333334,0.0,0.0,0.0,0.0,0.0,0.0,0.01,0.0,0.35833333333333334,0.08602150537634405,0.0,0.33333333333333337,0.0,0.0,0.0,0.0,0.0,False,False,True,False,False,False,False,False,False,False,False,False,False,False,True,False,False,False,False,False,False,False,False,False,False,False,False,False,False,False,False,False,False,False,False,False,False,False,False,False,False,False,False,False,False,False,False,False,False,False,False,False,False,False,False,False,False,False,False,False,False,False,False,False,False,False,False,False,False,False,False,False,False,False,False,False,True,False
0,1,0,0,0.0,0.7038327526132404,53.006655574043265,0.0,0.0,0.0,0.0,0.0,0.0,0.0,0.0,0.0,0.0,0.0,0.0,-0.040983606557377046,-0.2,0.0,0.0,0.0,0.0,0.0,0.0,0.0,-1.007462686567164,0.3625,0.08602150537634405,-0.16666666666666669,0.33333333333333337,5.0,0.0,0.0,0.0,0.0,False,True,False,False,False,False,False,False,False,False,False,False,False,False,False,False,False,False,False,False,False,False,False,False,False,True,False,False,False,False,False,False,False,False,False,False,False,False,False,False,False,False,False,False,False,False,False,False,False,False,False,False,False,False,False,False,False,False,False,False,False,False,False,False,False,False,False,False,False,False,False,False,False,False,False,False,True,False
0,1,0,0,0.0,0.89198606271777,2.4392678868552413,0.0,0.0,0.0,0.0,0.0,0.0,0.0,0.0,0.0,0.0,0.0,0.0,0.02459016393442623,0.3333333333333333,0.0,0.0,0.0,0.0,0.0,0.0,0.0,-0.6119402985074627,0.3625,0.08602150537634405,-0.16666666666666669,0.33333333333333337,1.0,0.0,0.0,0.0,0.0,False,True,False,False,False,False,False,False,False,False,False,False,False,False,False,False,False,False,False,False,False,False,False,False,False,True,False,False,False,False,False,False,False,False,False,False,False,False,False,False,False,False,False,False,False,False,False,False,False,False,False,False,False,False,False,False,False,False,False,False,False,False,False,False,False,False,False,False,False,False,False,False,False,False,False,False,True,False
0,1,0,0,0.0,1.9581881533101044,0.47254575707154745,0.0,0.0,0.0,0.0,0.0,0.0,0.0,0.0,0.0,0.0,0.0,0.0,-0.05737704918032787,-0.26666666666666666,0.0,0.0,0.0,0.0,0.0,0.0,1.0,0.0,-0.1625,-0.4408602150537635,0.3333333333333333,0.0,0.0,0.0,0.0,0.9166666666666667,0.0,False,True,False,False,False,False,False,False,False,False,False,False,False,False,False,False,False,False,False,False,False,False,False,False,False,False,False,False,False,False,False,False,False,False,False,False,False,False,False,False,False,False,False,False,False,False,False,False,False,False,False,False,True,False,False,False,False,False,False,False,False,False,False,False,False,False,False,False,False,False,False,False,False,False,False,False,True,False
0,0,0,0,0.0,2.205574912891986,-0.07653910149750416,0.0,0.0,0.0,0.0,0.0,0.0,0.0,0.0,0.0,0.0,0.0,0.0,-0.05737704918032787,-0.3333333333333333,0.0,0.0,0.0,0.0,0.0,0.0,0.0,-0.3208955223880597,-0.6583333333333333,-0.935483870967742,0.3333333333333333,1.6666666666666667,0.0,0.0,0.0,0.0,0.0,False,True,False,False,False,False,False,False,False,False,False,False,False,False,False,False,False,False,False,False,False,False,True,False,False,False,False,False,False,False,False,False,False,False,False,False,False,False,False,False,False,False,False,False,False,False,False,False,False,False,False,False,False,False,False,False,False,False,False,False,False,False,False,False,False,False,False,False,False,False,False,False,False,False,False,False,True,False
0,1,0,0,0.0,0.8501742160278746,1.7853577371048253,0.0,0.0,0.0,0.0,0.0,0.0,0.0,0.0,0.0,0.0,0.0,0.0,0.11475409836065574,1.0666666666666667,0.0,0.0,0.0,0.0,0.0,0.0,0.0,-1.5223880597014925,0.3625,0.08602150537634405,-0.16666666666666669,0.6666666666666667,11.0,0.0,0.0,0.0,0.0,False,True,False,False,False,False,False,False,False,False,False,False,False,False,False,False,False,False,False,False,False,False,False,False,False,True,False,False,False,False,False,False,False,False,False,False,False,False,False,False,False,False,False,False,False,False,False,False,False,False,False,False,False,False,False,False,False,False,False,False,False,False,False,False,False,False,False,False,False,False,False,False,False,False,False,False,True,False
0,1,0,0,0.0,0.7735191637630662,3.206322795341098,0.0,0.0,0.0,0.0,0.0,0.0,0.0,0.0,0.0,0.0,0.0,0.0,0.21311475409836064,1.8666666666666667,0.0,0.0,0.0,0.0,0.0,0.0,0.0,0.0,0.3625,0.08602150537634405,-0.16666666666666669,0.0,0.0,0.01,0.01,0.0,0.0,False,True,False,False,False,False,False,False,False,False,False,False,False,False,False,False,False,False,False,False,False,False,False,False,False,True,False,False,False,False,False,False,False,False,False,False,False,False,False,False,False,False,False,False,False,False,False,False,False,False,False,False,False,False,False,False,False,False,False,False,False,False,False,False,False,False,False,False,False,False,False,False,False,False,False,False,True,False
0,0,0,0,0.0,-0.18466898954703834,-0.07487520798668885,0.0,0.0,0.0,0.0,0.0,0.0,0.0,0.0,0.0,0.0,0.0,0.0,0.1721311475409836,-0.26666666666666666,0.0,0.0,0.0,0.0,-1.24,5.666666666666667,0.0,0.0,-0.6916666666666667,-0.9784946236559141,7.333333333333334,31.000000000000004,0.0,0.0,0.0,0.19444444444444448,0.0,False,False,True,False,False,False,False,False,False,False,False,False,False,False,False,False,False,False,False,False,False,False,False,False,False,False,False,False,False,False,False,False,False,False,False,False,False,False,False,False,False,False,False,True,False,False,False,False,False,False,False,False,False,False,False,False,False,False,False,False,False,False,False,False,False,False,False,False,False,False,False,False,False,False,False,False,True,False
0,1,0,0,0.0,0.9965156794425087,-0.028286189683860232,0.0,0.0,0.0,0.0,0.0,0.0,0.0,0.0,0.0,0.0,0.0,0.0,-0.00819672131147541,0.06666666666666667,0.0,0.0,0.0,0.0,0.0,0.0,0.0,-1.291044776119403,0.3625,0.08602150537634405,-0.16666666666666669,0.33333333333333337,2.0,0.0,0.0,0.0,0.0,False,True,False,False,False,False,False,False,False,False,False,False,False,False,False,False,False,False,False,False,False,False,False,False,False,True,False,False,False,False,False,False,False,False,False,False,False,False,False,False,False,False,False,False,False,False,False,False,False,False,False,False,False,False,False,False,False,False,False,False,False,False,False,False,False,False,False,False,False,False,False,False,False,False,False,False,True,False
0,1,0,0,0.0,0.9163763066202091,0.4276206322795341,0.0,0.0,0.0,0.0,0.0,0.0,0.0,0.0,0.0,0.0,0.0,0.0,0.10655737704918032,1.0,0.0,0.0,0.0,0.0,0.0,0.0,0.0,-1.7462686567164178,0.3625,0.08602150537634405,-0.16666666666666669,1.6666666666666667,8.0,0.0,0.0,0.0,0.0,False,True,False,False,False,False,False,False,False,False,False,False,False,False,False,False,False,False,False,False,False,False,False,False,False,True,False,False,False,False,False,False,False,False,False,False,False,False,False,False,False,False,False,False,False,False,False,False,False,False,False,False,False,False,False,False,False,False,False,False,False,False,False,False,False,False,False,False,False,False,False,False,False,False,False,False,True,False
0,0,0,0,0.0,-0.03832752613240418,-0.004991680532445923,0.0,0.0,0.0,0.0,0.0,0.0,0.0,0.0,0.0,0.0,0.0,0.0,0.8442622950819673,7.0,0.0,0.0,0.0,0.0,0.0,0.0,0.0,0.0,0.3625,0.08602150537634405,-0.16666666666666669,0.0,0.0,0.0,0.0,0.0,0.0,False,False,True,False,False,False,False,False,False,False,False,False,False,False,True,False,False,False,False,False,False,False,False,False,False,False,False,False,False,False,False,False,False,False,False,False,False,False,False,False,False,False,False,False,False,False,False,False,False,False,False,False,False,False,False,False,False,False,False,False,False,False,False,False,False,False,False,False,False,False,False,False,False,False,False,False,True,False
0,1,0,0,0.0,3.6689895470383274,0.47420965058236275,0.0,0.0,0.0,0.0,0.0,0.0,0.0,0.0,0.0,0.0,0.0,0.0,-0.05737704918032787,-0.3333333333333333,0.0,0.0,0.0,0.0,0.0,0.0,0.0,-1.7537313432835822,0.041666666666666664,-0.02150537634408604,2.333333333333333,1.6666666666666667,1.0,0.0,0.0,0.0,0.0,False,True,False,False,False,False,False,False,False,False,False,False,False,False,False,False,False,False,False,False,False,False,False,False,False,False,False,False,False,False,False,False,False,False,False,False,False,False,False,False,False,False,False,False,False,False,False,False,False,False,False,False,True,False,False,False,False,False,False,False,False,False,False,False,False,False,False,False,False,False,False,False,False,False,False,False,True,False
0,0,0,0,0.0,-0.003484320557491289,0.0066555740432612314,0.0,0.0,0.0,0.0,0.0,0.0,0.0,0.0,0.0,0.0,0.0,0.0,2.598360655737705,21.266666666666666,0.0,0.0,0.0,0.0,0.0,0.0,0.0,0.0,0.3625,0.08602150537634405,-0.16666666666666669,31.000000000000004,0.0,0.0,0.0,0.0,0.0,False,False,True,False,False,False,False,False,False,False,False,False,False,False,False,False,False,False,False,False,False,False,False,False,False,False,False,False,False,False,False,False,False,False,False,False,False,False,False,False,False,False,False,False,False,False,False,False,True,False,False,False,False,False,False,False,False,False,False,False,False,False,False,False,False,False,False,False,False,False,False,False,False,False,False,False,True,False
0,1,0,0,0.0,0.9477351916376306,1.4792013311148087,0.0,0.0,0.0,0.0,0.0,0.0,0.0,0.0,0.0,0.0,0.0,0.0,-0.00819672131147541,0.9333333333333333,0.0,0.0,0.0,0.0,0.0,0.0,0.1,-1.8507462686567164,0.3625,0.08602150537634405,-0.16666666666666669,4.666666666666667,3.0,0.0,0.0,0.0,0.0,False,True,False,False,False,False,False,False,False,False,False,False,False,False,False,False,False,False,False,False,False,False,False,False,False,True,False,False,False,False,False,False,False,False,False,False,False,False,False,False,False,False,False,False,False,False,False,False,False,False,False,False,False,False,False,False,False,False,False,False,False,False,False,False,False,False,False,False,False,False,False,False,False,False,False,False,True,False
0,1,0,0,0.0,0.9094076655052264,19.74875207986689,0.0,0.0,0.0,0.0,0.0,0.0,0.0,0.0,0.0,0.0,0.0,0.0,0.06557377049180328,0.6666666666666666,0.0,0.0,0.0,0.0,0.0,0.0,0.0,0.0,0.3625,0.08602150537634405,-0.16666666666666669,0.0,0.0,0.0,0.0,0.0,0.0,False,True,False,False,False,False,False,False,False,False,False,False,False,False,False,False,False,False,False,False,False,False,False,False,False,True,False,False,False,False,False,False,False,False,False,False,False,False,False,False,False,False,False,False,False,False,False,False,False,False,False,False,False,False,False,False,False,False,False,False,False,False,False,False,False,False,False,False,False,False,False,False,False,False,False,False,True,False
0,0,0,0,0.0,-0.041811846689895474,-0.0066555740432612314,0.0,0.0,0.0,0.0,0.0,0.0,0.0,0.0,0.0,0.0,0.0,0.0,-0.00819672131147541,0.4,0.0,0.0,0.0,0.0,0.0,0.0,0.25,-0.26119402985074625,0.21666666666666667,0.08602150537634405,-0.16666666666666669,0.0,0.0,0.0,0.0,0.0,0.0,False,False,True,False,False,False,False,False,False,False,False,False,False,False,True,False,False,False,False,False,False,False,False,False,False,False,False,False,False,False,False,False,False,False,False,False,False,False,False,False,False,False,False,False,False,False,False,False,False,False,False,False,False,False,False,False,False,False,False,False,False,False,False,False,False,False,False,False,False,False,False,False,False,False,False,False,True,False
0,1,0,0,0.0,0.867595818815331,4.56405990016639,0.0,0.0,0.0,0.0,0.0,0.0,0.0,0.0,0.0,0.0,0.0,0.0,0.0,0.13333333333333333,0.0,0.0,0.0,0.0,0.0,0.0,0.0,0.0,0.3625,0.08602150537634405,-0.16666666666666669,0.0,0.0,0.0,0.0,0.0,0.0,False,True,False,False,False,False,False,False,False,False,False,False,False,False,False,False,False,False,False,False,False,False,False,False,False,True,False,False,False,False,False,False,False,False,False,False,False,False,False,False,False,False,False,False,False,False,False,False,False,False,False,False,False,False,False,False,False,False,False,False,False,False,False,False,False,False,False,False,False,False,False,False,False,False,False,False,True,False
0,1,0,0,0.0,0.5574912891986062,0.9966722129783694,0.0,0.0,0.0,0.0,0.0,0.0,0.0,0.0,0.0,0.0,0.0,0.0,0.18032786885245902,1.6,0.0,0.0,0.0,0.0,0.0,0.0,0.0,0.0,0.3625,0.08602150537634405,-0.16666666666666669,0.0,0.0,0.0,0.0,0.0,0.0,False,True,False,False,False,False,False,False,False,False,False,False,False,False,False,False,False,False,False,False,False,False,False,False,False,True,False,False,False,False,False,False,False,False,False,False,False,False,False,False,False,False,False,False,False,False,False,False,False,False,False,False,False,False,False,False,False,False,False,False,False,False,False,False,False,False,False,False,False,False,False,False,False,False,False,False,True,False
0,1,0,0,0.0,0.5958188153310104,1.038269550748752,0.0,0.0,0.0,0.0,0.0,0.0,0.0,0.0,0.0,0.0,0.0,0.0,0.01639344262295082,1.2666666666666666,0.0,0.0,0.0,0.0,0.0,0.0,0.12,-0.6865671641791045,0.3625,0.08602150537634405,-0.16666666666666669,0.33333333333333337,4.0,0.0,0.0,0.0,0.0,False,True,False,False,False,False,False,False,False,False,False,False,False,False,False,False,False,False,False,False,False,False,False,False,False,True,False,False,False,False,False,False,False,False,False,False,False,False,False,False,False,False,False,False,False,False,False,False,False,False,False,False,False,False,False,False,False,False,False,False,False,False,False,False,False,False,False,False,False,False,False,False,False,False,False,False,True,False
0,0,0,0,0.0,-0.18466898954703834,-0.07653910149750416,0.0,0.0,0.0,0.0,0.0,0.0,0.0,0.0,0.0,0.0,0.0,0.0,3.8114754098360657,0.9333333333333333,0.0,0.0,0.0,0.0,-1.28,16.0,0.0,0.0,-0.6166666666666667,-0.9032258064516131,15.333333333333334,33.0,0.0,0.0,0.0,0.0,0.0,False,False,True,False,False,False,False,False,False,False,False,False,False,False,False,False,False,False,False,False,False,False,False,False,False,False,False,False,False,False,False,False,False,False,False,False,False,False,False,False,False,False,False,False,False,False,False,False,True,False,False,False,False,False,False,False,False,False,False,False,False,False,False,False,False,False,False,False,False,False,False,False,False,False,False,False,True,False
0,1,0,0,0.0,0.8083623693379791,9.888519134775374,0.0,0.0,0.0,0.0,0.0,0.0,0.0,0.0,0.0,0.0,0.0,0.0,-0.01639344262295082,0.0,0.0,0.0,0.0,0.0,0.0,0.0,0.0,-1.8582089552238805,0.3458333333333333,0.08602150537634405,-0.16666666666666669,5.666666666666667,7.000000000000001,0.0,0.0,0.0,0.0,False,True,False,False,False,False,False,False,False,False,False,False,False,False,False,False,False,False,False,False,False,False,False,False,False,True,False,False,False,False,False,False,False,False,False,False,False,False,False,False,False,False,False,False,False,False,False,False,False,False,False,False,False,False,False,False,False,False,False,False,False,False,False,False,False,False,False,False,False,False,False,False,False,False,False,False,True,False
0,0,0,0,0.0,-0.027874564459930314,0.1464226289517471,0.0,0.0,0.0,0.0,0.0,0.0,0.0,0.0,0.0,0.0,0.0,0.0,0.45081967213114754,14.066666666666666,0.0,0.0,0.0,0.0,0.0,0.0,0.01,-0.4552238805970149,0.2,-0.032258064516129066,0.0,29.666666666666668,1.0,0.0,0.0,0.16666666666666666,0.0,False,False,True,False,False,False,False,False,False,False,False,False,False,False,True,False,False,False,False,False,False,False,False,False,False,False,False,False,False,False,False,False,False,False,False,False,False,False,False,False,False,False,False,False,False,False,False,False,False,False,False,False,False,False,False,False,False,False,False,False,False,False,False,False,False,False,False,False,False,False,False,False,False,False,False,False,True,False
0,1,0,0,0.0,0.7038327526132404,8.119800332778702,0.0,0.0,0.0,0.0,0.0,0.0,0.0,0.0,0.0,0.0,0.0,0.0,-0.05737704918032787,2.3333333333333335,0.0,0.0,0.0,0.0,0.0,0.0,0.07,0.0,0.30416666666666664,0.03225806451612894,0.16666666666666669,0.0,0.0,0.0,0.0,0.0,0.0,False,True,False,False,False,False,False,False,False,False,False,False,False,False,False,False,False,False,False,False,False,False,False,False,False,True,False,False,False,False,False,False,False,False,False,False,False,False,False,False,False,False,False,False,False,False,False,False,False,False,False,False,False,False,False,False,False,False,False,False,False,False,False,False,False,False,False,False,False,False,False,False,False,False,False,False,True,False
0,1,0,0,0.0,0.5923344947735192,0.913477537437604,0.0,0.0,0.0,0.0,0.0,0.0,0.0,0.0,0.0,0.0,0.0,0.0,-0.04918032786885246,-0.26666666666666666,0.0,0.0,0.0,0.0,0.0,0.0,0.0,-1.8880597014925373,0.3625,0.08602150537634405,-0.16666666666666669,16.666666666666668,2.0,0.0,0.0,0.0,0.0,False,True,False,False,False,False,False,False,False,False,False,False,False,False,False,False,False,False,False,False,False,False,False,False,False,True,False,False,False,False,False,False,False,False,False,False,False,False,False,False,False,False,False,False,False,False,False,False,False,False,False,False,False,False,False,False,False,False,False,False,False,False,False,False,False,False,False,False,False,False,False,False,False,False,False,False,True,False
0,1,0,0,0.0,0.759581881533101,2.217970049916805,0.0,0.0,0.0,0.0,0.0,0.0,0.0,0.0,0.0,0.0,0.0,0.0,0.13114754098360656,1.6666666666666667,0.0,0.0,0.0,0.0,0.0,0.0,0.06,-0.5149253731343284,0.3625,0.08602150537634405,-0.16666666666666669,0.33333333333333337,2.0,0.0,0.0,0.0,0.0,False,True,False,False,False,False,False,False,False,False,False,False,False,False,False,False,False,False,False,False,False,False,False,False,False,True,False,False,False,False,False,False,False,False,False,False,False,False,False,False,False,False,False,False,False,False,False,False,False,False,False,False,False,False,False,False,False,False,False,False,False,False,False,False,False,False,False,False,False,False,False,False,False,False,False,False,True,False
0,0,0,0,0.0,-0.041811846689895474,-0.0066555740432612314,0.0,0.0,0.0,0.0,0.0,0.0,0.0,0.0,0.0,0.0,0.0,0.0,-0.040983606557377046,-0.13333333333333333,0.0,0.0,0.0,0.0,0.0,0.0,0.5,0.0,0.3458333333333333,0.06451612903225801,0.0,0.0,0.0,0.0,0.0,0.0,0.0,False,False,True,False,False,False,False,False,False,False,False,False,False,False,True,False,False,False,False,False,False,False,False,False,False,False,False,False,False,False,False,False,False,False,False,False,False,False,False,False,False,False,False,False,False,False,False,False,False,False,False,False,False,False,False,False,False,False,False,False,False,False,False,False,False,False,False,False,False,False,False,False,False,False,False,False,True,False
0,1,0,0,0.0,0.45993031358885017,79.49750415973378,0.0,0.0,0.0,0.0,0.0,0.0,0.0,0.0,0.0,0.0,0.0,0.0,-0.040983606557377046,-0.2,0.0,0.0,0.0,0.0,0.0,0.0,0.0,-1.8805970149253732,0.3625,0.08602150537634405,-0.16666666666666669,11.000000000000002,8.0,0.0,0.0,0.0,0.0,False,True,False,False,False,False,False,False,False,False,False,False,False,False,False,False,False,False,False,False,False,False,False,False,False,True,False,False,False,False,False,False,False,False,False,False,False,False,False,False,False,False,False,False,False,False,False,False,False,False,False,False,False,False,False,False,False,False,False,False,False,False,False,False,False,False,False,False,False,False,False,False,False,False,False,False,True,False
0,0,0,0,0.0,0.006968641114982578,0.016638935108153077,0.0,0.0,0.0,0.0,0.0,0.0,0.0,0.0,0.0,0.0,0.0,0.0,4.122950819672131,33.666666666666664,0.0,0.0,0.0,0.0,0.0,0.0,0.0,0.0,0.3625,0.08602150537634405,-0.16666666666666669,31.666666666666668,0.0,0.0,0.0,0.0,0.0,False,False,True,False,False,False,False,False,False,False,False,False,False,False,False,False,False,False,False,False,False,False,False,False,False,False,False,False,False,False,False,False,False,False,False,False,False,False,False,False,False,False,False,False,False,False,False,False,True,False,False,False,False,False,False,False,False,False,False,False,False,False,False,False,False,False,False,False,False,False,False,False,False,False,False,False,True,False
0,0,0,0,0.0,0.003484320557491289,0.009983361064891847,0.0,0.0,0.0,0.0,0.0,0.0,0.0,0.0,0.0,0.0,0.0,0.0,4.122950819672131,33.666666666666664,0.0,0.0,0.0,0.0,0.0,0.0,0.0,0.0,0.3625,0.08602150537634405,-0.16666666666666669,33.333333333333336,0.0,0.0,0.0,0.0,0.0,False,False,True,False,False,False,False,False,False,False,False,False,False,False,False,False,False,False,False,False,False,False,False,False,False,False,False,False,False,False,False,False,False,False,False,False,False,False,False,False,False,False,False,False,False,False,False,False,True,False,False,False,False,False,False,False,False,False,False,False,False,False,False,False,False,False,False,False,False,False,False,False,False,False,False,False,True,False
0,1,0,0,0.0,0.5400696864111498,2.2096505823627286,0.0,0.0,0.0,0.0,0.0,0.0,0.0,0.0,0.0,0.0,0.0,0.0,0.08196721311475409,1.1333333333333333,0.0,0.0,0.0,0.0,0.0,0.0,0.17,-0.4253731343283582,0.3625,0.08602150537634405,-0.16666666666666669,0.33333333333333337,3.0,0.0,0.0,0.0,0.0,False,True,False,False,False,False,False,False,False,False,False,False,False,False,False,False,False,False,False,False,False,False,False,False,False,True,False,False,False,False,False,False,False,False,False,False,False,False,False,False,False,False,False,False,False,False,False,False,False,False,False,False,False,False,False,False,False,False,False,False,False,False,False,False,False,False,False,False,False,False,False,False,False,False,False,False,True,False
0,1,0,0,0.0,0.6202090592334495,0.3544093178036606,0.0,0.0,0.0,0.0,0.0,0.0,0.0,0.0,0.0,0.0,0.0,0.0,-0.02459016393442623,0.4,0.0,0.0,0.0,0.0,0.0,0.0,0.33,-1.1492537313432836,0.3625,0.08602150537634405,-0.16666666666666669,0.33333333333333337,2.0,0.0,0.0,0.0,0.0,False,True,False,False,False,False,False,False,False,False,False,False,False,False,False,False,False,False,False,False,False,False,False,False,False,True,False,False,False,False,False,False,False,False,False,False,False,False,False,False,False,False,False,False,False,False,False,False,False,False,False,False,False,False,False,False,False,False,False,False,False,False,False,False,False,False,False,False,False,False,False,False,False,False,False,False,True,False
0,0,0,0,0.0,-0.041811846689895474,-0.0066555740432612314,0.0,0.0,0.0,0.0,0.0,0.0,0.0,0.0,0.0,0.0,0.0,0.0,0.040983606557377046,0.8666666666666667,0.0,0.0,0.0,0.0,0.0,0.0,0.11,0.0,0.3625,0.08602150537634405,-0.16666666666666669,0.33333333333333337,0.0,0.0,0.0,0.0,0.0,False,False,True,False,False,False,False,False,False,False,False,False,False,False,True,False,False,False,False,False,False,False,False,False,False,False,False,False,False,False,False,False,False,False,False,False,False,False,False,False,False,False,False,False,False,False,False,False,False,False,False,False,False,False,False,False,False,False,False,False,False,False,False,False,False,False,False,False,False,False,False,False,False,False,False,False,True,False
0,0,0,0,0.0,-0.006968641114982578,0.014975041597337771,0.0,0.0,0.0,0.0,0.0,0.0,0.0,0.0,0.0,0.0,0.0,0.0,4.10655737704918,33.53333333333333,0.0,0.0,0.0,0.0,0.0,0.0,0.0,0.0,0.3625,0.08602150537634405,-0.16666666666666669,32.0,0.0,0.0,0.0,0.0,0.0,False,False,True,False,False,False,False,False,False,False,False,False,False,False,False,False,False,False,False,False,False,False,False,False,False,False,False,False,False,False,False,False,False,False,False,False,False,False,False,False,False,False,False,False,False,False,False,False,True,False,False,False,False,False,False,False,False,False,False,False,False,False,False,False,False,False,False,False,False,False,False,False,False,False,False,False,True,False
0,0,0,0,0.0,0.0,0.011647254575707155,0.0,0.0,0.0,0.0,0.0,0.0,0.0,0.0,0.0,0.0,0.0,0.0,4.122950819672131,33.666666666666664,0.0,0.0,0.0,0.0,0.0,0.0,0.0,0.0,0.3625,0.08602150537634405,-0.16666666666666669,32.666666666666664,0.0,0.0,0.0,0.0,0.0,False,False,True,False,False,False,False,False,False,False,False,False,False,False,False,False,False,False,False,False,False,False,False,False,False,False,False,False,False,False,False,False,False,False,False,False,False,False,False,False,False,False,False,False,False,False,False,False,True,False,False,False,False,False,False,False,False,False,False,False,False,False,False,False,False,False,False,False,False,False,False,False,False,False,False,False,True,False
0,0,0,0,0.0,2.836236933797909,-0.07653910149750416,0.0,0.0,0.0,0.0,0.0,0.0,0.0,0.0,0.0,0.0,0.0,0.0,-0.05737704918032787,-0.3333333333333333,0.0,0.0,0.0,0.0,0.0,0.0,0.0,-1.5820895522388059,-0.6291666666666667,-0.860215053763441,1.0000000000000002,4.0,18.0,0.0,0.0,0.0,0.0,False,True,False,False,False,False,False,False,False,False,False,False,False,False,False,False,False,False,False,False,False,False,True,False,False,False,False,False,False,False,False,False,False,False,False,False,False,False,False,False,False,False,False,False,False,False,False,False,False,False,False,False,False,False,False,False,False,False,False,False,False,False,False,False,False,False,False,False,False,False,False,False,False,False,False,False,True,False
0,1,0,0,0.0,0.6689895470383276,3.4009983361064893,0.0,0.0,0.0,0.0,0.0,0.0,0.0,0.0,0.0,0.0,0.0,0.0,0.06557377049180328,0.6666666666666666,0.0,0.0,0.0,0.0,0.0,0.0,0.0,-1.6417910447761195,0.3625,0.08602150537634405,-0.16666666666666669,1.0,5.0,0.0,0.0,0.0,0.0,False,True,False,False,False,False,False,False,False,False,False,False,False,False,False,False,False,False,False,False,False,False,False,False,False,True,False,False,False,False,False,False,False,False,False,False,False,False,False,False,False,False,False,False,False,False,False,False,False,False,False,False,False,False,False,False,False,False,False,False,False,False,False,False,False,False,False,False,False,False,False,False,False,False,False,False,True,False
0,1,0,0,0.0,0.5714285714285714,4.18801996672213,0.0,0.0,0.0,0.0,0.0,0.0,0.0,0.0,0.0,0.0,0.0,0.0,-0.040983606557377046,-0.2,0.0,0.0,0.0,0.0,0.0,0.0,0.0,-1.8805970149253732,-0.06666666666666667,0.08602150537634405,-0.16666666666666669,11.000000000000002,3.0,0.0,0.0,0.0,0.0,False,True,False,False,False,False,False,False,False,False,False,False,False,False,False,False,False,False,False,False,False,False,False,False,False,True,False,False,False,False,False,False,False,False,False,False,False,False,False,False,False,False,False,False,False,False,False,False,False,False,False,False,False,False,False,False,False,False,False,False,False,False,False,False,False,False,False,False,False,False,False,False,False,False,False,False,True,False
0,1,0,0,0.0,0.8606271777003485,1.480865224625624,0.0,0.0,0.0,0.0,0.0,0.0,0.0,0.0,0.0,0.0,0.0,0.0,0.29508196721311475,2.533333333333333,0.0,0.0,0.0,0.0,0.0,0.0,0.0,0.0,0.3625,0.08602150537634405,-0.16666666666666669,0.0,0.0,0.0,0.0,0.0,0.0,False,True,False,False,False,False,False,False,False,False,False,False,False,False,False,False,False,False,False,False,False,False,False,False,False,True,False,False,False,False,False,False,False,False,False,False,False,False,False,False,False,False,False,False,False,False,False,False,False,False,False,False,False,False,False,False,False,False,False,False,False,False,False,False,False,False,False,False,False,False,False,False,False,False,False,False,True,False
0,1,0,0,0.0,0.7177700348432056,6.623960066555741,0.0,0.0,0.0,0.0,0.0,0.0,0.0,0.0,0.0,0.0,0.0,0.0,0.02459016393442623,0.3333333333333333,0.0,0.0,0.0,0.0,0.0,0.0,0.0,-1.1194029850746268,0.3625,0.08602150537634405,-0.16666666666666669,0.33333333333333337,2.0,0.0,0.0,0.0,0.0,False,True,False,False,False,False,False,False,False,False,False,False,False,False,False,False,False,False,False,False,False,False,False,False,False,True,False,False,False,False,False,False,False,False,False,False,False,False,False,False,False,False,False,False,False,False,False,False,False,False,False,False,False,False,False,False,False,False,False,False,False,False,False,False,False,False,False,False,False,False,False,False,False,False,False,False,True,False
0,1,0,0,0.0,0.5958188153310104,2.1547420965058235,0.0,0.0,0.0,0.0,0.0,0.0,0.0,0.0,0.0,0.0,0.0,0.0,0.02459016393442623,0.3333333333333333,0.0,0.0,0.0,0.0,0.0,0.0,0.0,0.0,0.3625,0.08602150537634405,-0.16666666666666669,0.0,0.0,0.0,0.0,0.0,0.0,False,True,False,False,False,False,False,False,False,False,False,False,False,False,False,False,False,False,False,False,False,False,False,False,False,True,False,False,False,False,False,False,False,False,False,False,False,False,False,False,False,False,False,False,False,False,False,False,False,False,False,False,False,False,False,False,False,False,False,False,False,False,False,False,False,False,False,False,False,False,False,False,False,False,False,False,True,False
0,0,0,0,0.0,0.0,0.008319467554076539,0.0,0.0,0.0,0.0,0.0,0.0,0.0,0.0,0.0,0.0,0.0,0.0,4.122950819672131,33.666666666666664,0.0,0.0,0.0,0.0,0.0,0.0,0.0,0.0,0.3625,0.08602150537634405,-0.16666666666666669,27.666666666666668,0.0,0.0,0.0,0.0,0.0,False,False,True,False,False,False,False,False,False,False,False,False,False,False,False,False,False,False,False,False,False,False,False,False,False,False,False,False,False,False,False,False,False,False,False,False,False,False,False,False,False,False,False,False,False,False,False,False,True,False,False,False,False,False,False,False,False,False,False,False,False,False,False,False,False,False,False,False,False,False,False,False,False,False,False,False,True,False
0,0,0,0,0.0,-0.006968641114982578,0.009983361064891847,0.0,0.0,0.0,0.0,0.0,0.0,0.0,0.0,0.0,0.0,0.0,0.0,4.122950819672131,33.666666666666664,0.0,0.0,0.0,0.0,0.0,0.0,0.0,0.0,0.3625,0.08602150537634405,-0.16666666666666669,26.000000000000004,0.0,0.0,0.0,0.0,0.0,False,False,True,False,False,False,False,False,False,False,False,False,False,False,False,False,False,False,False,False,False,False,False,False,False,False,False,False,False,False,False,False,False,False,False,False,False,False,False,False,False,False,False,False,False,False,False,False,True,False,False,False,False,False,False,False,False,False,False,False,False,False,False,False,False,False,False,False,False,False,False,False,False,False,False,False,True,False
0,1,0,0,0.0,0.9860627177700348,0.39434276206322794,0.0,0.0,0.0,0.0,0.0,0.0,0.0,0.0,0.0,0.0,0.0,0.0,0.13114754098360656,1.5333333333333334,0.0,0.0,0.0,0.0,0.0,0.0,0.1,0.0,0.3625,0.08602150537634405,-0.16666666666666669,0.0,0.0,0.0,0.0,0.0,0.0,False,True,False,False,False,False,False,False,False,False,False,False,False,False,False,False,False,False,False,False,False,False,False,False,False,True,False,False,False,False,False,False,False,False,False,False,False,False,False,False,False,False,False,False,False,False,False,False,False,False,False,False,False,False,False,False,False,False,False,False,False,False,False,False,False,False,False,False,False,False,False,False,False,False,False,False,True,False
0,1,0,0,0.0,0.5749128919860628,1.1647254575707155,0.0,0.0,0.0,0.0,0.0,0.0,0.0,0.0,0.0,0.0,0.0,0.0,0.0,0.2,0.0,0.0,0.0,0.0,0.0,0.0,0.22,-1.1940298507462686,0.3541666666666667,0.08602150537634405,-0.16666666666666669,0.33333333333333337,5.0,0.0,0.0,0.0,0.0,False,True,False,False,False,False,False,False,False,False,False,False,False,False,False,False,False,False,False,False,False,False,False,False,False,True,False,False,False,False,False,False,False,False,False,False,False,False,False,False,False,False,False,False,False,False,False,False,False,False,False,False,False,False,False,False,False,False,False,False,False,False,False,False,False,False,False,False,False,False,False,False,False,False,False,False,True,False
0,1,0,0,0.0,0.3832752613240418,0.5324459234608985,0.0,0.0,0.0,0.0,0.0,0.0,0.0,0.0,0.0,0.0,0.0,0.0,-0.05737704918032787,-0.3333333333333333,0.0,0.0,0.0,0.0,0.0,0.0,0.0,-1.8432835820895523,0.3625,0.08602150537634405,-0.16666666666666669,4.0,2.0,0.0,0.0,0.0,0.0,False,True,False,False,False,False,False,False,False,False,False,False,False,False,False,False,False,False,False,False,False,False,False,False,False,True,False,False,False,False,False,False,False,False,False,False,False,False,False,False,False,False,False,False,False,False,False,False,False,False,False,False,False,False,False,False,False,False,False,False,False,False,False,False,False,False,False,False,False,False,False,False,False,False,False,False,True,False
0,1,0,0,0.0,30.72822299651568,0.47254575707154745,0.0,0.0,0.0,0.0,0.0,0.0,0.0,0.0,0.0,0.0,0.0,0.0,-0.05737704918032787,-0.26666666666666666,0.0,0.0,0.0,0.0,0.0,0.0,1.0,-1.5223880597014925,-0.1375,-0.15053763440860218,1.5000000000000002,0.6666666666666667,1.0,0.0,0.0,0.0,0.058823529411764705,False,True,False,False,False,False,False,False,False,False,False,False,False,False,False,False,False,False,False,False,False,False,False,False,False,False,False,False,False,False,False,False,False,False,False,False,False,False,False,False,False,False,False,False,False,False,False,False,False,False,False,False,True,False,False,False,False,False,False,False,False,False,False,False,False,False,False,False,False,False,False,False,False,False,False,False,True,False
0,1,0,0,0.0,0.89198606271777,3.141430948419301,0.0,0.0,0.0,0.0,0.0,0.0,0.0,0.0,0.0,0.0,0.0,0.0,-0.040983606557377046,0.13333333333333333,0.0,0.0,0.0,0.0,0.0,0.0,0.25,-1.8582089552238805,0.3625,0.08602150537634405,-0.16666666666666669,5.666666666666667,3.0,0.0,0.0,0.0,0.0,False,True,False,False,False,False,False,False,False,False,False,False,False,False,False,False,False,False,False,False,False,False,False,False,False,True,False,False,False,False,False,False,False,False,False,False,False,False,False,False,False,False,False,False,False,False,False,False,False,False,False,False,False,False,False,False,False,False,False,False,False,False,False,False,False,False,False,False,False,False,False,False,False,False,False,False,True,False
0,1,0,0,0.0,0.867595818815331,0.3261231281198003,0.0,0.0,0.0,0.0,0.0,0.0,0.0,0.0,0.0,0.0,0.0,0.0,-0.05737704918032787,0.3333333333333333,0.0,0.0,0.0,0.0,0.0,0.0,0.27,-1.8955223880597014,0.3625,0.08602150537634405,-0.16666666666666669,33.333333333333336,6.0,0.0,0.0,0.0,0.0,False,True,False,False,False,False,False,False,False,False,False,False,False,False,False,False,False,False,False,False,False,False,False,False,False,True,False,False,False,False,False,False,False,False,False,False,False,False,False,False,False,False,False,False,False,False,False,False,False,False,False,False,False,False,False,False,False,False,False,False,False,False,False,False,False,False,False,False,False,False,False,False,False,False,False,False,True,False
0,1,0,0,0.0,0.5749128919860628,8.524126455906822,0.0,0.0,0.0,0.0,0.0,0.0,0.0,0.0,0.0,0.0,0.0,0.0,-0.01639344262295082,0.8666666666666667,0.0,0.0,0.0,0.0,0.0,0.0,0.21,-1.8582089552238805,0.3625,0.08602150537634405,-0.16666666666666669,5.666666666666667,3.0,0.0,0.0,0.0,0.0,False,True,False,False,False,False,False,False,False,False,False,False,False,False,False,False,False,False,False,False,False,False,False,False,False,True,False,False,False,False,False,False,False,False,False,False,False,False,False,False,False,False,False,False,False,False,False,False,False,False,False,False,False,False,False,False,False,False,False,False,False,False,False,False,False,False,False,False,False,False,False,False,False,False,False,False,True,False
0,1,0,0,0.0,0.8815331010452961,0.4259567387687188,0.0,0.0,0.0,0.0,0.0,0.0,0.0,0.0,0.0,0.0,0.0,0.0,0.2540983606557377,2.533333333333333,0.0,0.0,0.0,0.0,0.0,0.0,0.05,-1.3059701492537314,0.3625,0.08602150537634405,-0.16666666666666669,0.33333333333333337,3.0,0.0,0.0,0.0,0.0,False,True,False,False,False,False,False,False,False,False,False,False,False,False,False,False,False,False,False,False,False,False,False,False,False,True,False,False,False,False,False,False,False,False,False,False,False,False,False,False,False,False,False,False,False,False,False,False,False,False,False,False,False,False,False,False,False,False,False,False,False,False,False,False,False,False,False,False,False,False,False,False,False,False,False,False,True,False
0,0,0,0,0.0,-0.08362369337979095,-0.07653910149750416,0.0,0.0,0.0,0.0,0.0,0.0,0.0,0.0,0.0,0.0,0.0,0.0,-0.05737704918032787,-0.3333333333333333,0.0,0.0,0.0,0.0,0.0,0.0,0.0,-1.7686567164179106,-0.625,0.08602150537634405,-0.16666666666666669,33.333333333333336,0.0,0.0,0.0,0.0,0.0,True,False,False,False,False,False,False,False,False,False,False,False,False,False,False,False,True,False,False,False,False,False,False,False,False,False,False,False,False,False,False,False,False,False,False,False,False,False,False,False,False,False,False,False,False,False,False,False,False,False,False,False,False,False,False,False,False,False,False,False,False,False,False,False,False,False,False,False,False,False,False,False,False,False,False,False,True,False
0,0,0,0,0.0,-0.14285714285714285,-0.013311148086522463,0.0,0.0,0.0,0.0,0.0,0.0,0.0,0.0,0.0,0.0,0.0,0.0,-0.05737704918032787,-0.3333333333333333,0.0,0.0,0.0,0.0,0.0,0.0,0.0,-0.8432835820895522,-0.6875,-0.9677419354838711,0.5,0.33333333333333337,0.0,0.0,0.0,0.0,0.0,False,True,False,False,False,False,True,False,False,False,False,False,False,False,False,False,False,False,False,False,False,False,False,False,False,False,False,False,False,False,False,False,False,False,False,False,False,False,False,False,False,False,False,False,False,False,False,False,False,False,False,False,False,False,False,False,False,False,False,False,False,False,False,False,False,False,False,False,False,False,False,False,False,False,False,False,True,False
0,1,0,0,0.0,0.5714285714285714,15.61730449251248,0.0,0.0,0.0,0.0,0.0,0.0,0.0,0.0,0.0,0.0,0.0,0.0,0.09016393442622951,0.8666666666666667,0.0,0.0,0.0,0.0,0.0,0.0,0.0,-1.4179104477611941,0.3416666666666667,0.08602150537634405,-0.16666666666666669,0.6666666666666667,6.0,0.0,0.0,0.0,0.0,False,True,False,False,False,False,False,False,False,False,False,False,False,False,False,False,False,False,False,False,False,False,False,False,False,True,False,False,False,False,False,False,False,False,False,False,False,False,False,False,False,False,False,False,False,False,False,False,False,False,False,False,False,False,False,False,False,False,False,False,False,False,False,False,False,False,False,False,False,False,False,False,False,False,False,False,True,False
0,1,0,0,0.0,0.9059233449477352,3.059900166389351,0.0,0.0,0.0,0.0,0.0,0.0,0.0,0.0,0.0,0.0,0.0,0.0,-0.03278688524590164,0.26666666666666666,0.0,0.0,0.0,0.0,0.0,0.0,0.2,-1.544776119402985,0.30833333333333335,0.08602150537634405,-0.16666666666666669,0.6666666666666667,3.0,0.0,0.0,0.0,0.0,False,True,False,False,False,False,False,False,False,False,False,False,False,False,False,False,False,False,False,False,False,False,False,False,False,True,False,False,False,False,False,False,False,False,False,False,False,False,False,False,False,False,False,False,False,False,False,False,False,False,False,False,False,False,False,False,False,False,False,False,False,False,False,False,False,False,False,False,False,False,False,False,False,False,False,False,True,False
0,1,0,0,0.0,0.9198606271777003,35.85524126455907,0.0,0.0,0.0,0.0,0.0,0.0,0.0,0.0,0.0,0.0,0.0,0.0,-0.05737704918032787,0.0,0.0,0.0,0.0,0.0,0.0,0.0,0.33,-1.8880597014925373,0.3625,0.08602150537634405,-0.16666666666666669,16.666666666666668,3.0,0.0,0.0,0.0,0.0,False,True,False,False,False,False,False,False,False,False,False,False,False,False,False,False,False,False,False,False,False,False,False,False,False,True,False,False,False,False,False,False,False,False,False,False,False,False,False,False,False,False,False,False,False,False,False,False,False,False,False,False,False,False,False,False,False,False,False,False,False,False,False,False,False,False,False,False,False,False,False,False,False,False,False,False,True,False
0,1,0,0,0.0,0.9407665505226481,0.5324459234608985,0.0,0.0,0.0,0.0,0.0,0.0,0.0,0.0,0.0,0.0,0.0,0.0,0.00819672131147541,0.4666666666666667,0.0,0.0,0.0,0.0,0.0,0.0,0.23,0.0,0.3625,0.08602150537634405,-0.16666666666666669,0.0,0.0,0.0,0.0,0.0,0.0,False,True,False,False,False,False,False,False,False,False,False,False,False,False,False,False,False,False,False,False,False,False,False,False,False,True,False,False,False,False,False,False,False,False,False,False,False,False,False,False,False,False,False,False,False,False,False,False,False,False,False,False,False,False,False,False,False,False,False,False,False,False,False,False,False,False,False,False,False,False,False,False,False,False,False,False,True,False
0,1,0,0,0.0,0.4146341463414634,20.525790349417637,0.0,0.0,0.0,0.0,0.0,0.0,0.0,0.0,0.0,0.0,0.0,0.0,-0.05737704918032787,0.8,0.0,0.0,0.0,0.0,0.0,0.0,0.17,-0.6940298507462687,-0.025,0.08602150537634405,-0.16666666666666669,0.33333333333333337,0.0,0.0,0.0,0.0,0.0,False,True,False,False,False,False,False,False,False,False,False,False,False,False,False,False,False,False,False,False,False,False,False,False,False,True,False,False,False,False,False,False,False,False,False,False,False,False,False,False,False,False,False,False,False,False,False,False,False,False,False,False,False,False,False,False,False,False,False,False,False,False,False,False,False,False,False,False,False,False,False,False,False,False,False,False,True,False
0,0,0,1,0.0,-0.0975609756097561,0.18469217970049917,0.0,0.0,0.0,1.0,0.0,0.0,0.0,0.0,0.0,0.0,0.0,0.0,-0.05737704918032787,-0.3333333333333333,0.0,0.0,0.0,0.0,0.0,0.0,0.0,-1.5149253731343284,-0.5916666666666667,-0.45161290322580655,1.1666666666666667,0.6666666666666667,0.0,0.0,0.0,0.0,0.0,False,True,False,False,False,False,False,False,False,False,False,False,False,False,False,False,False,False,False,False,False,True,False,False,False,False,False,False,False,False,False,False,False,False,False,False,False,False,False,False,False,False,False,False,False,False,False,False,False,False,False,False,False,False,False,False,False,False,False,False,False,False,False,False,False,False,False,False,False,False,False,False,False,False,False,False,True,False
0,1,0,0,0.0,0.9442508710801394,3.2595673876871882,0.0,0.0,0.0,0.0,0.0,0.0,0.0,0.0,0.0,0.0,0.0,0.0,-0.040983606557377046,1.7333333333333334,0.0,0.0,0.0,0.0,0.0,0.0,0.22,0.0,0.3625,0.08602150537634405,-0.16666666666666669,0.0,0.0,0.0,0.0,0.0,0.0,False,True,False,False,False,False,False,False,False,False,False,False,False,False,False,False,False,False,False,False,False,False,False,False,False,True,False,False,False,False,False,False,False,False,False,False,False,False,False,False,False,False,False,False,False,False,False,False,False,False,False,False,False,False,False,False,False,False,False,False,False,False,False,False,False,False,False,False,False,False,False,False,False,False,False,False,True,False
0,1,0,0,0.0,0.9372822299651568,0.8236272878535774,0.0,0.0,0.0,0.0,0.0,0.0,0.0,0.0,0.0,0.0,0.0,0.0,-0.05737704918032787,-0.13333333333333333,0.0,0.0,0.0,0.0,0.0,0.0,0.75,-1.835820895522388,0.3625,0.08602150537634405,-0.16666666666666669,3.666666666666667,1.0,0.0,0.0,0.0,0.0,False,True,False,False,False,False,False,False,False,False,False,False,False,False,False,False,False,False,False,False,False,False,False,False,False,True,False,False,False,False,False,False,False,False,False,False,False,False,False,False,False,False,False,False,False,False,False,False,False,False,False,False,False,False,False,False,False,False,False,False,False,False,False,False,False,False,False,False,False,False,False,False,False,False,False,False,True,False
0,0,0,0,0.0,-0.041811846689895474,-0.0066555740432612314,0.0,0.0,0.0,0.0,0.0,0.0,0.0,0.0,0.0,0.0,0.0,0.0,0.00819672131147541,0.6666666666666666,0.0,0.0,0.0,0.0,0.0,0.0,0.19,0.0,0.3625,0.08602150537634405,-0.16666666666666669,0.33333333333333337,0.0,0.0,0.0,0.0,0.0,False,False,True,False,False,False,False,False,False,False,False,False,False,False,True,False,False,False,False,False,False,False,False,False,False,False,False,False,False,False,False,False,False,False,False,False,False,False,False,False,False,False,False,False,False,False,False,False,False,False,False,False,False,False,False,False,False,False,False,False,False,False,False,False,False,False,False,False,False,False,False,False,False,False,False,False,True,False
0,1,0,0,0.0,0.9233449477351916,0.46755407653910147,0.0,0.0,0.0,0.0,0.0,0.0,0.0,0.0,0.0,0.0,0.0,0.0,-0.05737704918032787,0.13333333333333333,0.0,0.0,0.0,0.0,0.0,0.0,0.5,-1.708955223880597,0.3375,0.08602150537634405,-0.16666666666666669,1.3333333333333335,4.0,0.0,0.0,0.0,0.0,False,True,False,False,False,False,False,False,False,False,False,False,False,False,False,False,False,False,False,False,False,False,False,False,False,True,False,False,False,False,False,False,False,False,False,False,False,False,False,False,False,False,False,False,False,False,False,False,False,False,False,False,False,False,False,False,False,False,False,False,False,False,False,False,False,False,False,False,False,False,False,False,False,False,False,False,True,False
0,1,0,0,0.0,0.759581881533101,0.5956738768718802,0.0,0.0,0.0,0.0,0.0,0.0,0.0,0.0,0.0,0.0,0.0,0.0,0.0,0.2,0.0,0.0,0.0,0.0,0.0,0.0,0.22,-1.5970149253731343,0.3625,0.08602150537634405,-0.16666666666666669,0.6666666666666667,1.0,0.0,0.0,0.0,0.0,False,True,False,False,False,False,False,False,False,False,False,False,False,False,False,False,False,False,False,False,False,False,False,False,False,True,False,False,False,False,False,False,False,False,False,False,False,False,False,False,False,False,False,False,False,False,False,False,False,False,False,False,False,False,False,False,False,False,False,False,False,False,False,False,False,False,False,False,False,False,False,False,False,False,False,False,True,False
0,1,0,0,0.0,2.048780487804878,0.47420965058236275,0.0,0.0,0.0,0.0,0.0,0.0,0.0,0.0,0.0,0.0,0.0,0.0,-0.05737704918032787,-0.3333333333333333,0.0,0.0,0.0,0.0,0.0,0.0,0.0,-1.0746268656716418,-0.11666666666666667,-0.5913978494623657,0.6666666666666667,0.33333333333333337,1.0,0.0,0.0,0.0,0.23529411764705882,False,True,False,False,False,False,False,False,False,False,False,False,False,False,False,False,False,False,False,False,False,False,False,False,False,False,False,False,False,False,False,False,False,False,False,False,False,False,False,False,False,False,False,False,False,False,False,False,False,False,False,False,True,False,False,False,False,False,False,False,False,False,False,False,False,False,False,False,False,False,False,False,False,False,False,False,True,False
0,1,0,0,0.0,0.9407665505226481,1.7420965058236273,0.0,0.0,0.0,0.0,0.0,0.0,0.0,0.0,0.0,0.0,0.0,0.0,-0.02459016393442623,0.13333333333333333,0.0,0.0,0.0,0.0,0.0,0.0,0.38,-1.3880597014925373,0.3625,0.08602150537634405,-0.16666666666666669,0.33333333333333337,1.0,0.0,0.0,0.0,0.0,False,True,False,False,False,False,False,False,False,False,False,False,False,False,False,False,False,False,False,False,False,False,False,False,False,True,False,False,False,False,False,False,False,False,False,False,False,False,False,False,False,False,False,False,False,False,False,False,False,False,False,False,False,False,False,False,False,False,False,False,False,False,False,False,False,False,False,False,False,False,False,False,False,False,False,False,True,False
0,0,0,0,3.0,-0.18815331010452963,-0.07653910149750416,0.0,0.0,0.0,0.0,0.0,0.0,0.0,0.0,0.0,0.0,0.0,0.0,1.1065573770491803,-0.26666666666666666,0.0,0.0,4.0,14.285714285714285,-1.32,9.166666666666668,0.0,-0.7835820895522388,-0.6916666666666667,-0.9784946236559141,8.5,31.666666666666668,0.0,0.0,0.0,2.638888888888889,5.88235294117647,False,True,False,False,False,False,False,False,False,False,False,False,False,False,False,False,False,False,False,False,False,False,False,False,False,False,False,False,False,False,False,False,False,False,False,False,False,False,False,False,False,False,False,False,False,False,False,False,True,False,False,False,False,False,False,False,False,False,False,False,False,False,False,False,False,False,False,False,False,False,False,True,False,False,False,False,False,False
0,1,0,0,0.0,0.5226480836236934,0.40765391014975044,0.0,0.0,0.0,0.0,0.0,0.0,0.0,0.0,0.0,0.0,0.0,0.0,0.040983606557377046,1.2,0.0,0.0,0.0,0.0,0.0,0.0,0.17,0.0,0.3625,0.08602150537634405,-0.16666666666666669,0.0,0.0,0.0,0.0,0.0,0.0,False,True,False,False,False,False,False,False,False,False,False,False,False,False,False,False,False,False,False,False,False,False,False,False,False,True,False,False,False,False,False,False,False,False,False,False,False,False,False,False,False,False,False,False,False,False,False,False,False,False,False,False,False,False,False,False,False,False,False,False,False,False,False,False,False,False,False,False,False,False,False,False,False,False,False,False,True,False
0,1,0,0,0.0,0.6341463414634146,5.284525790349417,0.0,0.0,0.0,0.0,0.0,0.0,0.0,0.0,0.0,0.0,0.0,0.0,-0.040983606557377046,-0.13333333333333333,0.0,0.0,0.0,0.0,0.0,0.0,0.5,0.0,0.17916666666666667,-0.09677419354838719,1.6666666666666667,0.0,0.0,0.0,0.0,0.2777777777777778,0.0,False,True,False,False,False,False,False,False,False,False,False,False,False,False,False,False,False,False,False,False,False,False,False,False,False,True,False,False,False,False,False,False,False,False,False,False,False,False,False,False,False,False,False,False,False,False,False,False,False,False,False,False,False,False,False,False,False,False,False,False,False,False,False,False,False,False,False,False,False,False,False,False,False,False,False,False,True,False
0,1,0,0,0.0,0.6480836236933798,8.119800332778702,0.0,0.0,0.0,0.0,0.0,0.0,0.0,0.0,0.0,0.0,0.0,0.0,0.02459016393442623,0.3333333333333333,0.0,0.0,0.0,0.0,0.0,0.0,0.0,-1.626865671641791,0.3625,0.08602150537634405,-0.16666666666666669,1.0,2.0,0.0,0.0,0.0,0.0,False,True,False,False,False,False,False,False,False,False,False,False,False,False,False,False,False,False,False,False,False,False,False,False,False,True,False,False,False,False,False,False,False,False,False,False,False,False,False,False,False,False,False,False,False,False,False,False,False,False,False,False,False,False,False,False,False,False,False,False,False,False,False,False,False,False,False,False,False,False,False,False,False,False,False,False,True,False
0,1,0,0,0.0,0.6376306620209059,1.2662229617304492,0.0,0.0,0.0,0.0,0.0,0.0,0.0,0.0,0.0,0.0,0.0,0.0,0.08196721311475409,0.8,0.0,0.0,0.0,0.0,0.0,0.0,0.0,0.0,0.3625,0.08602150537634405,-0.16666666666666669,0.0,0.0,0.0,0.0,0.0,0.0,False,True,False,False,False,False,False,False,False,False,False,False,False,False,False,False,False,False,False,False,False,False,False,False,False,True,False,False,False,False,False,False,False,False,False,False,False,False,False,False,False,False,False,False,False,False,False,False,False,False,False,False,False,False,False,False,False,False,False,False,False,False,False,False,False,False,False,False,False,False,False,False,False,False,False,False,True,False
0,0,0,0,0.0,-0.003484320557491289,0.0066555740432612314,0.0,0.0,0.0,0.0,0.0,0.0,0.0,0.0,0.0,0.0,0.0,0.0,4.073770491803279,33.266666666666666,0.0,0.0,0.0,0.0,0.0,0.0,0.0,0.0,0.3625,0.08602150537634405,-0.16666666666666669,28.333333333333332,0.0,0.0,0.0,0.0,0.0,False,False,True,False,False,False,False,False,False,False,False,False,False,False,False,False,False,False,False,False,False,False,False,False,False,False,False,False,False,False,False,False,False,False,False,False,False,False,False,False,False,False,False,False,False,False,False,False,True,False,False,False,False,False,False,False,False,False,False,False,False,False,False,False,False,False,False,False,False,False,False,False,False,False,False,False,True,False
0,1,0,0,0.0,0.6132404181184669,1.3261231281198003,0.0,0.0,0.0,0.0,0.0,0.0,0.0,0.0,0.0,0.0,0.0,0.0,0.13934426229508196,1.2666666666666666,0.0,0.0,0.0,0.0,0.0,0.0,0.0,-1.7164179104477613,0.3625,0.08602150537634405,-0.16666666666666669,1.3333333333333335,6.0,0.0,0.0,0.0,0.0,False,True,False,False,False,False,False,False,False,False,False,False,False,False,False,False,False,False,False,False,False,False,False,False,False,True,False,False,False,False,False,False,False,False,False,False,False,False,False,False,False,False,False,False,False,False,False,False,False,False,False,False,False,False,False,False,False,False,False,False,False,False,False,False,False,False,False,False,False,False,False,False,False,False,False,False,True,False
0,1,0,0,0.0,0.6167247386759582,21.51747088186356,0.0,0.0,0.0,0.0,0.0,0.0,0.0,0.0,0.0,0.0,0.0,0.0,-0.02459016393442623,0.0,0.0,0.0,0.0,0.0,0.0,0.0,0.33,-1.044776119402985,0.3625,0.08602150537634405,-0.16666666666666669,0.33333333333333337,2.0,0.0,0.0,0.0,0.0,False,True,False,False,False,False,False,False,False,False,False,False,False,False,False,False,False,False,False,False,False,False,False,False,False,True,False,False,False,False,False,False,False,False,False,False,False,False,False,False,False,False,False,False,False,False,False,False,False,False,False,False,False,False,False,False,False,False,False,False,False,False,False,False,False,False,False,False,False,False,False,False,False,False,False,False,True,False
0,1,0,0,0.0,0.7421602787456446,24.07487520798669,0.0,0.0,0.0,0.0,0.0,0.0,0.0,0.0,0.0,0.0,0.0,0.0,-0.03278688524590164,-0.13333333333333333,0.0,0.0,0.0,0.0,0.0,0.0,0.0,-0.746268656716418,0.3625,0.08602150537634405,-0.16666666666666669,0.33333333333333337,3.0,0.01,0.0,0.0,0.0,False,True,False,False,False,False,False,False,False,False,False,False,False,False,False,False,False,False,False,False,False,False,False,False,False,True,False,False,False,False,False,False,False,False,False,False,False,False,False,False,False,False,False,False,False,False,False,False,False,False,False,False,False,False,False,False,False,False,False,False,False,False,False,False,False,False,False,False,False,False,False,False,False,False,False,False,True,False
0,0,0,0,0.0,-0.03484320557491289,0.14143094841930118,0.0,0.0,0.0,0.0,0.0,0.0,0.0,0.0,0.0,0.0,0.0,0.0,0.7295081967213115,11.4,0.0,0.0,0.0,0.0,0.0,0.0,0.01,0.0,0.3625,0.08602150537634405,-0.16666666666666669,0.0,0.0,0.0,0.0,0.0,0.0,False,False,True,False,False,False,False,False,False,False,False,False,False,False,True,False,False,False,False,False,False,False,False,False,False,False,False,False,False,False,False,False,False,False,False,False,False,False,False,False,False,False,False,False,False,False,False,False,False,False,False,False,False,False,False,False,False,False,False,False,False,False,False,False,False,False,False,False,False,False,False,False,False,False,False,False,True,False
0,0,0,0,0.0,-0.03484320557491289,0.1464226289517471,0.0,0.0,0.0,0.0,0.0,0.0,0.0,0.0,0.0,0.0,0.0,0.0,0.7868852459016393,10.733333333333333,0.0,0.0,0.0,0.0,-0.013333333333333345,0.33333333333333337,0.01,0.0,0.3625,0.08602150537634405,-0.16666666666666669,0.0,0.0,0.0,0.0,0.0,0.0,False,False,True,False,False,False,False,False,False,False,False,False,False,False,True,False,False,False,False,False,False,False,False,False,False,False,False,False,False,False,False,False,False,False,False,False,False,False,False,False,False,False,False,False,False,False,False,False,False,False,False,False,False,False,False,False,False,False,False,False,False,False,False,False,False,False,False,False,False,False,False,False,False,False,False,False,True,False
0,1,0,0,0.0,0.794425087108014,7.4642262895174705,0.0,0.0,0.0,0.0,0.0,0.0,0.0,0.0,0.0,0.0,0.0,0.0,-0.01639344262295082,0.0,0.0,0.0,0.0,0.0,0.0,0.0,0.0,-1.1865671641791045,0.3625,0.08602150537634405,-0.16666666666666669,0.33333333333333337,2.0,0.0,0.0,0.0,0.0,False,True,False,False,False,False,False,False,False,False,False,False,False,False,False,False,False,False,False,False,False,False,False,False,False,True,False,False,False,False,False,False,False,False,False,False,False,False,False,False,False,False,False,False,False,False,False,False,False,False,False,False,False,False,False,False,False,False,False,False,False,False,False,False,False,False,False,False,False,False,False,False,False,False,False,False,True,False
0,1,0,0,0.0,0.6027874564459931,7.400998336106489,0.0,0.0,0.0,0.0,0.0,0.0,0.0,0.0,0.0,0.0,0.0,0.0,-0.04918032786885246,-0.26666666666666666,0.0,0.0,0.0,0.0,0.0,0.0,0.0,-1.8582089552238805,0.3625,0.08602150537634405,-0.16666666666666669,5.666666666666667,3.0,0.0,0.0,0.0,0.0,False,True,False,False,False,False,False,False,False,False,False,False,False,False,False,False,False,False,False,False,False,False,False,False,False,True,False,False,False,False,False,False,False,False,False,False,False,False,False,False,False,False,False,False,False,False,False,False,False,False,False,False,False,False,False,False,False,False,False,False,False,False,False,False,False,False,False,False,False,False,False,False,False,False,False,False,True,False
0,1,0,0,0.0,1.1672473867595818,1.7054908485856906,0.0,0.0,0.0,0.0,0.0,0.0,0.0,0.0,0.0,0.0,0.0,0.0,0.02459016393442623,0.4,0.0,0.0,0.0,0.0,0.0,0.0,0.17,0.0,0.3625,0.08602150537634405,-0.16666666666666669,0.0,0.0,0.0,0.0,0.0,0.0,False,True,False,False,False,False,False,False,False,False,False,False,False,False,False,False,False,False,False,False,False,False,False,False,False,True,False,False,False,False,False,False,False,False,False,False,False,False,False,False,False,False,False,False,False,False,False,False,False,False,False,False,False,False,False,False,False,False,False,False,False,False,False,False,False,False,False,False,False,False,False,False,False,False,False,False,True,False
0,0,0,0,0.0,-0.18466898954703834,-0.07653910149750416,0.0,0.0,0.0,0.0,0.0,0.0,0.0,0.0,0.0,0.0,0.0,0.0,0.19672131147540983,0.3333333333333333,0.0,0.0,0.0,0.0,-0.8799999999999999,1.5,0.0,0.0,-0.6541666666666667,-0.946236559139785,9.5,33.0,0.0,0.0,0.0,0.02777777777777778,0.0,False,False,True,False,False,False,False,False,False,False,False,False,False,False,False,False,False,False,False,False,False,False,False,False,False,False,False,False,False,False,False,False,False,False,False,False,False,False,False,False,False,False,False,False,False,False,False,False,True,False,False,False,False,False,False,False,False,False,False,False,False,False,False,False,False,False,False,False,False,False,False,False,False,False,False,False,True,False
0,1,0,0,0.0,-0.18815331010452963,0.06156405990016639,0.0,0.0,0.0,0.0,0.0,0.0,0.0,0.0,0.0,0.0,0.0,0.0,-0.05737704918032787,-0.26666666666666666,0.0,0.0,0.0,0.0,0.0,0.0,1.0,-1.4477611940298507,-0.09166666666666666,-0.12903225806451613,1.0000000000000002,0.6666666666666667,1.0,0.0,0.0,0.0,0.058823529411764705,False,True,False,False,False,False,False,False,False,False,False,False,False,False,False,False,False,False,False,False,False,False,False,False,False,False,False,False,False,False,False,False,False,False,False,False,False,False,False,False,False,False,False,False,False,False,False,False,False,False,False,False,True,False,False,False,False,False,False,False,False,False,False,False,False,False,False,False,False,False,False,False,False,False,False,False,True,False
0,1,0,0,0.0,0.4843205574912892,0.4442595673876872,0.0,0.0,0.0,0.0,0.0,0.0,0.0,0.0,0.0,0.0,0.0,0.0,0.1885245901639344,1.6666666666666667,0.0,0.0,0.0,0.0,0.0,0.0,0.0,-1.2985074626865671,0.3625,0.08602150537634405,-0.16666666666666669,0.33333333333333337,4.0,0.0,0.0,0.0,0.0,False,True,False,False,False,False,False,False,False,False,False,False,False,False,False,False,False,False,False,False,False,False,False,False,False,True,False,False,False,False,False,False,False,False,False,False,False,False,False,False,False,False,False,False,False,False,False,False,False,False,False,False,False,False,False,False,False,False,False,False,False,False,False,False,False,False,False,False,False,False,False,False,False,False,False,False,True,False
0,1,0,0,0.0,0.6445993031358885,5.284525790349417,0.0,0.0,0.0,0.0,0.0,0.0,0.0,0.0,0.0,0.0,0.0,0.0,-0.01639344262295082,0.0,0.0,0.0,0.0,0.0,0.0,0.0,0.0,0.0,-0.6708333333333333,-0.956989247311828,0.0,0.0,0.0,0.02,0.0,0.05555555555555556,0.0,False,True,False,False,False,False,False,False,False,False,False,False,False,False,False,False,False,False,False,False,False,False,False,False,False,True,False,False,False,False,False,False,False,False,False,False,False,False,False,False,False,False,False,False,False,False,False,False,False,False,False,False,False,False,False,False,False,False,False,False,False,False,False,False,False,False,False,False,False,False,False,False,False,False,False,False,True,False
0,0,0,0,0.0,-0.03484320557491289,0.04159733777038269,0.0,0.0,0.0,0.0,0.0,0.0,0.0,0.0,0.0,0.0,0.0,0.0,3.2459016393442623,26.533333333333335,0.0,0.0,0.0,0.0,0.0,0.0,0.0,0.0,0.35833333333333334,0.08602150537634405,0.0,0.0,0.0,0.0,0.0,0.0,0.0,False,False,True,False,False,False,False,False,False,False,False,False,False,False,True,False,False,False,False,False,False,False,False,False,False,False,False,False,False,False,False,False,False,False,False,False,False,False,False,False,False,False,False,False,False,False,False,False,False,False,False,False,False,False,False,False,False,False,False,False,False,False,False,False,False,False,False,False,False,False,False,False,False,False,False,False,True,False
0,1,0,0,1.0,5.679442508710801,0.39434276206322794,0.0,0.0,0.0,0.0,0.0,0.0,0.0,0.0,0.0,0.0,0.0,0.0,-0.05737704918032787,-0.06666666666666667,0.0,0.0,0.0,0.0,0.0,0.0,1.0,0.0,-0.6833333333333333,-0.9677419354838711,0.16666666666666669,0.0,0.0,0.0,0.0,0.11111111111111112,0.0,False,True,False,False,False,False,False,False,False,False,False,False,False,False,False,False,False,False,False,False,False,False,False,False,False,False,False,False,False,False,False,False,False,False,False,False,False,False,False,False,False,False,False,False,False,False,False,False,False,False,False,False,True,False,False,False,False,False,False,False,False,False,False,False,False,False,False,False,False,False,False,False,False,False,False,False,True,False
0,1,0,0,0.0,0.7735191637630662,1.891846921797005,0.0,0.0,0.0,0.0,0.0,0.0,0.0,0.0,0.0,0.0,0.0,0.0,-0.040983606557377046,-0.2,0.0,0.0,0.0,0.0,0.0,0.0,0.0,-1.5522388059701493,0.016666666666666666,0.08602150537634405,-0.16666666666666669,0.6666666666666667,2.0,0.0,0.0,0.0,0.0,False,True,False,False,False,False,False,False,False,False,False,False,False,False,False,False,False,False,False,False,False,False,False,False,False,True,False,False,False,False,False,False,False,False,False,False,False,False,False,False,False,False,False,False,False,False,False,False,False,False,False,False,False,False,False,False,False,False,False,False,False,False,False,False,False,False,False,False,False,False,False,False,False,False,False,False,True,False
0,1,0,0,0.0,0.9163763066202091,1.9251247920133112,0.0,0.0,0.0,0.0,0.0,0.0,0.0,0.0,0.0,0.0,0.0,0.0,-0.04918032786885246,-0.26666666666666666,0.0,0.0,0.0,0.0,0.0,0.0,0.0,-1.626865671641791,0.3625,0.08602150537634405,-0.16666666666666669,1.0,5.0,0.03,0.01,0.0,0.0,False,True,False,False,False,False,False,False,False,False,False,False,False,False,False,False,False,False,False,False,False,False,False,False,False,True,False,False,False,False,False,False,False,False,False,False,False,False,False,False,False,False,False,False,False,False,False,False,False,False,False,False,False,False,False,False,False,False,False,False,False,False,False,False,False,False,False,False,False,False,False,False,False,False,False,False,True,False
0,0,0,0,0.0,-0.027874564459930314,0.05324459234608985,0.0,0.0,0.0,0.0,0.0,0.0,0.0,0.0,0.0,0.0,0.0,0.0,1.4180327868852458,11.866666666666667,0.0,0.0,0.0,0.0,0.0,0.0,0.02,0.0,0.3625,0.08602150537634405,-0.16666666666666669,0.0,0.0,0.0,0.0,0.0,0.0,False,False,True,False,False,False,False,False,False,False,False,False,False,False,True,False,False,False,False,False,False,False,False,False,False,False,False,False,False,False,False,False,False,False,False,False,False,False,False,False,False,False,False,False,False,False,False,False,False,False,False,False,False,False,False,False,False,False,False,False,False,False,False,False,False,False,False,False,False,False,False,False,False,False,False,False,True,False
0,1,0,0,0.0,0.49825783972125437,2.968386023294509,0.0,0.0,0.0,0.0,0.0,0.0,0.0,0.0,0.0,0.0,0.0,0.0,-0.04918032786885246,-0.26666666666666666,0.0,0.0,0.0,0.0,0.0,0.0,0.0,-1.708955223880597,0.25416666666666665,0.08602150537634405,-0.16666666666666669,1.3333333333333335,5.0,0.0,0.0,0.0,0.0,False,True,False,False,False,False,False,False,False,False,False,False,False,False,False,False,False,False,False,False,False,False,False,False,False,True,False,False,False,False,False,False,False,False,False,False,False,False,False,False,False,False,False,False,False,False,False,False,False,False,False,False,False,False,False,False,False,False,False,False,False,False,False,False,False,False,False,False,False,False,False,False,False,False,False,False,True,False
0,0,0,0,0.0,0.003484320557491289,0.011647254575707155,0.0,0.0,0.0,0.0,0.0,0.0,0.0,0.0,0.0,0.0,0.0,0.0,2.6147540983606556,21.4,0.0,0.0,0.0,0.0,0.0,0.0,0.0,0.0,0.3625,0.08602150537634405,-0.16666666666666669,33.0,0.0,0.0,0.0,0.0,0.0,False,False,True,False,False,False,False,False,False,False,False,False,False,False,False,False,False,False,False,False,False,False,False,False,False,False,False,False,False,False,False,False,False,False,False,False,False,False,False,False,False,False,False,False,False,False,False,False,True,False,False,False,False,False,False,False,False,False,False,False,False,False,False,False,False,False,False,False,False,False,False,False,False,False,False,False,True,False
0,1,0,0,0.0,0.578397212543554,48.509151414309486,0.0,0.0,0.0,0.0,0.0,0.0,0.0,0.0,0.0,0.0,0.0,0.0,-0.04918032786885246,-0.26666666666666666,0.5,0.5,0.0,0.0,0.0,0.0,0.0,-1.7537313432835822,0.3458333333333333,0.08602150537634405,-0.16666666666666669,1.6666666666666667,2.0,0.05,0.0,0.0,0.0,False,True,False,False,False,False,False,False,False,False,False,False,False,False,False,False,False,False,False,False,False,False,False,False,False,True,False,False,False,False,False,False,False,False,False,False,False,False,False,False,False,False,False,False,False,False,False,False,False,False,False,False,False,False,False,False,False,False,False,False,False,False,False,False,False,False,False,False,False,False,False,False,False,True,False,False,False,False
0,1,0,0,0.0,0.6341463414634146,25.54575707154742,0.0,0.0,0.0,0.0,0.0,0.0,0.0,0.0,0.0,0.0,0.0,0.0,-0.04918032786885246,-0.13333333333333333,0.0,0.0,0.0,0.0,0.0,0.0,0.5,0.0,0.3625,0.08602150537634405,-0.16666666666666669,0.0,0.0,0.0,0.0,0.0,0.0,False,True,False,False,False,False,False,False,False,False,False,False,False,False,False,False,False,False,False,False,False,False,False,False,False,True,False,False,False,False,False,False,False,False,False,False,False,False,False,False,False,False,False,False,False,False,False,False,False,False,False,False,False,False,False,False,False,False,False,False,False,False,False,False,False,False,False,False,False,False,False,False,False,False,False,False,True,False
0,1,0,0,0.0,0.8571428571428571,0.6555740432612313,0.0,0.0,0.0,0.0,0.0,0.0,0.0,0.0,0.0,0.0,0.0,0.0,-0.00819672131147541,0.06666666666666667,0.0,0.0,0.0,0.0,0.0,0.0,0.0,0.0,0.3625,0.08602150537634405,-0.16666666666666669,0.0,0.0,0.0,0.0,0.0,0.0,False,True,False,False,False,False,False,False,False,False,False,False,False,False,False,False,False,False,False,False,False,False,False,False,False,True,False,False,False,False,False,False,False,False,False,False,False,False,False,False,False,False,False,False,False,False,False,False,False,False,False,False,False,False,False,False,False,False,False,False,False,False,False,False,False,False,False,False,False,False,False,False,False,False,False,False,True,False
0,1,0,0,0.0,1.0696864111498259,1.9883527454242929,0.0,0.0,0.0,0.0,0.0,0.0,0.0,0.0,0.0,0.0,0.0,0.0,0.13934426229508196,1.2666666666666666,0.0,0.0,0.0,0.0,0.0,0.0,0.0,-1.291044776119403,0.23333333333333334,0.08602150537634405,-0.16666666666666669,0.33333333333333337,2.0,0.0,0.0,0.0,0.0,False,True,False,False,False,False,False,False,False,False,False,False,False,False,False,False,False,False,False,False,False,False,False,False,False,True,False,False,False,False,False,False,False,False,False,False,False,False,False,False,False,False,False,False,False,False,False,False,False,False,False,False,False,False,False,False,False,False,False,False,False,False,False,False,False,False,False,False,False,False,False,False,False,False,False,False,True,False
0,1,0,0,0.0,1.0418118466898956,1.9251247920133112,0.0,0.0,0.0,0.0,0.0,0.0,0.0,0.0,0.0,0.0,0.0,0.0,-0.03278688524590164,-0.13333333333333333,0.0,0.0,0.0,0.0,0.0,0.0,0.0,0.0,0.3625,0.08602150537634405,-0.16666666666666669,0.0,0.0,0.0,0.0,0.0,0.0,False,True,False,False,False,False,False,False,False,False,False,False,False,False,False,False,False,False,False,False,False,False,False,False,False,True,False,False,False,False,False,False,False,False,False,False,False,False,False,False,False,False,False,False,False,False,False,False,False,False,False,False,False,False,False,False,False,False,False,False,False,False,False,False,False,False,False,False,False,False,False,False,False,False,False,False,True,False
0,1,0,0,1.0,3.254355400696864,0.47088186356073214,0.0,0.0,0.0,0.0,0.0,0.0,0.0,0.0,0.0,0.0,0.0,0.0,-0.05737704918032787,-0.26666666666666666,0.0,0.0,0.0,0.0,0.0,0.0,1.0,-0.48507462686567165,0.004166666666666667,-0.25806451612903225,0.16666666666666669,0.33333333333333337,1.0,0.0,0.0,0.0,0.0,False,True,False,False,False,False,False,False,False,False,False,False,False,False,False,False,False,False,False,False,False,False,False,False,False,False,False,False,False,False,False,False,False,False,False,False,False,False,False,False,False,False,False,False,False,False,False,False,False,False,False,False,True,False,False,False,False,False,False,False,False,False,False,False,False,False,False,False,False,False,False,False,False,False,False,False,True,False
0,0,0,0,0.0,-0.18466898954703834,-0.07653910149750416,0.0,0.0,0.0,0.0,0.0,0.0,0.0,0.0,0.0,0.0,0.0,0.0,0.5245901639344263,-0.2,0.0,0.0,0.0,0.0,-1.28,13.833333333333334,0.0,0.0,-0.6875,-0.9784946236559141,12.0,33.333333333333336,0.0,0.0,0.0,0.0,0.0,False,False,True,False,False,False,False,False,False,False,False,False,False,False,False,False,False,False,False,False,False,False,False,False,False,False,False,False,False,False,False,False,False,False,False,False,False,False,False,False,False,False,False,False,False,False,False,False,True,False,False,False,False,False,False,False,False,False,False,False,False,False,False,False,False,False,False,False,False,False,False,False,False,False,False,False,True,False
0,1,0,0,0.0,0.8048780487804879,3.071547420965058,0.0,0.0,0.0,0.0,0.0,0.0,0.0,0.0,0.0,0.0,0.0,0.0,-0.00819672131147541,0.06666666666666667,0.0,0.0,0.0,0.0,0.0,0.0,0.0,0.0,0.3625,0.08602150537634405,-0.16666666666666669,0.33333333333333337,0.0,0.0,0.0,0.0,0.0,False,True,False,False,False,False,False,False,False,False,False,False,False,False,False,False,False,False,False,False,False,False,False,False,False,True,False,False,False,False,False,False,False,False,False,False,False,False,False,False,False,False,False,False,False,False,False,False,False,False,False,False,False,False,False,False,False,False,False,False,False,False,False,False,False,False,False,False,False,False,False,False,False,False,False,False,True,False
0,0,0,0,0.0,0.006968641114982578,0.016638935108153077,0.0,0.0,0.0,0.0,0.0,0.0,0.0,0.0,0.0,0.0,0.0,0.0,4.114754098360656,33.6,0.0,0.0,0.0,0.0,0.0,0.0,0.0,0.0,0.3625,0.08602150537634405,-0.16666666666666669,28.666666666666668,0.0,0.0,0.0,0.0,0.0,False,False,True,False,False,False,False,False,False,False,False,False,False,False,False,False,False,False,False,False,False,False,False,False,False,False,False,False,False,False,False,False,False,False,False,False,False,False,False,False,False,False,False,False,False,False,False,False,True,False,False,False,False,False,False,False,False,False,False,False,False,False,False,False,False,False,False,False,False,False,False,False,False,False,False,False,True,False
0,0,0,0,0.0,-0.18815331010452963,-0.07653910149750416,0.0,0.0,0.0,0.0,0.0,0.0,0.0,0.0,0.0,0.0,0.0,0.0,1.6065573770491803,0.8,0.0,0.0,4.0,14.285714285714285,-1.2133333333333334,1.1666666666666667,0.0,0.0,-0.625,-0.9139784946236561,1.0000000000000002,0.0,0.0,0.0,0.0,2.7777777777777777,5.88235294117647,False,True,False,False,False,False,False,False,False,False,False,False,False,False,False,False,False,False,False,False,False,False,False,False,False,False,False,False,False,False,False,False,False,False,False,False,False,False,False,False,False,False,False,False,False,False,False,False,True,False,False,False,False,False,False,False,False,False,False,False,False,False,False,False,False,False,False,False,True,False,False,False,False,False,False,False,False,False
0,1,0,0,0.0,0.9128919860627178,1.2828618968386023,0.0,0.0,0.0,0.0,0.0,0.0,0.0,0.0,0.0,0.0,0.0,0.0,0.02459016393442623,1.4666666666666666,0.0,0.0,0.0,0.0,0.0,0.0,0.21,-1.5298507462686568,0.3625,0.08602150537634405,-0.16666666666666669,0.6666666666666667,1.0,0.0,0.0,0.0,0.0,False,True,False,False,False,False,False,False,False,False,False,False,False,False,False,False,False,False,False,False,False,False,False,False,False,True,False,False,False,False,False,False,False,False,False,False,False,False,False,False,False,False,False,False,False,False,False,False,False,False,False,False,False,False,False,False,False,False,False,False,False,False,False,False,False,False,False,False,False,False,False,False,False,False,False,False,True,False
0,1,0,0,0.0,5.494773519163763,0.47420965058236275,0.0,0.0,0.0,0.0,0.0,0.0,0.0,0.0,0.0,0.0,0.0,0.0,-0.05737704918032787,-0.26666666666666666,0.0,0.0,0.0,0.0,0.0,0.0,1.0,-0.6194029850746269,-0.42916666666666664,-0.5806451612903226,1.3333333333333335,0.33333333333333337,0.0,0.0,0.0,0.0,0.0,False,True,False,False,False,False,False,False,False,False,False,False,False,False,False,False,False,False,False,False,False,False,False,False,False,False,False,False,False,False,False,False,False,False,False,False,False,False,False,False,False,False,False,False,False,False,False,False,False,False,False,False,True,False,False,False,False,False,False,False,False,False,False,False,False,False,False,False,False,False,False,False,False,False,False,False,True,False
0,1,0,0,0.0,0.6794425087108014,0.43594009983361065,0.0,0.0,0.0,0.0,0.0,0.0,0.0,0.0,0.0,0.0,0.0,0.0,0.13114754098360656,1.2,0.0,0.0,0.0,0.0,0.0,0.0,0.0,-1.171641791044776,0.3625,0.08602150537634405,-0.16666666666666669,0.33333333333333337,2.0,0.0,0.0,0.0,0.0,False,True,False,False,False,False,False,False,False,False,False,False,False,False,False,False,False,False,False,False,False,False,False,False,False,True,False,False,False,False,False,False,False,False,False,False,False,False,False,False,False,False,False,False,False,False,False,False,False,False,False,False,False,False,False,False,False,False,False,False,False,False,False,False,False,False,False,False,False,False,False,False,False,False,False,False,True,False
0,0,0,0,0.0,0.21254355400696864,-0.07653910149750416,0.0,0.0,0.0,0.0,0.0,0.0,0.0,0.0,0.0,0.0,0.0,0.0,0.040983606557377046,0.4666666666666667,0.0,0.0,0.0,0.0,0.0,0.0,0.0,-0.08208955223880597,-0.6458333333333334,-0.935483870967742,0.5,3.666666666666667,0.0,0.0,0.0,0.19444444444444448,0.0,False,False,True,False,False,False,False,False,False,False,False,False,False,False,False,False,False,False,False,False,False,False,False,False,False,False,False,False,False,False,False,False,False,False,False,False,False,False,False,False,False,False,False,True,False,False,False,False,False,False,False,False,False,False,False,False,False,False,False,False,False,False,False,False,False,False,False,False,False,False,False,False,False,False,False,False,True,False
0,1,0,0,0.0,0.6724738675958188,21.440931780366057,0.0,0.0,0.0,0.0,0.0,0.0,0.0,0.0,0.0,0.0,0.0,0.0,0.00819672131147541,0.26666666666666666,0.0,0.0,0.0,0.0,0.0,0.0,0.2,0.0,0.3625,0.08602150537634405,-0.16666666666666669,0.0,0.0,0.01,0.01,0.0,0.0,False,True,False,False,False,False,False,False,False,False,False,False,False,False,False,False,False,False,False,False,False,False,False,False,False,True,False,False,False,False,False,False,False,False,False,False,False,False,False,False,False,False,False,False,False,False,False,False,False,False,False,False,False,False,False,False,False,False,False,False,False,False,False,False,False,False,False,False,False,False,False,False,False,False,False,False,True,False
0,1,0,0,0.0,0.37282229965156793,23.361064891846922,0.0,0.0,0.0,0.0,0.0,0.0,0.0,0.0,0.0,0.0,0.0,0.0,-0.05737704918032787,-0.3333333333333333,0.0,0.0,0.0,0.0,0.0,0.0,0.0,-0.7761194029850746,-0.07083333333333333,0.08602150537634405,-0.16666666666666669,0.33333333333333337,0.0,0.0,0.0,0.0,0.0,False,True,False,False,False,False,False,False,False,False,False,False,False,False,False,False,False,False,False,False,False,False,False,False,False,True,False,False,False,False,False,False,False,False,False,False,False,False,False,False,False,False,False,False,False,False,False,False,False,False,False,False,False,False,False,False,False,False,False,False,False,False,False,False,False,False,False,False,False,False,False,False,False,False,False,False,True,False
0,1,0,0,0.0,0.9372822299651568,49.306156405990016,0.0,0.0,0.0,0.0,0.0,0.0,0.0,0.0,0.0,0.0,0.0,0.0,-0.05737704918032787,-0.26666666666666666,0.0,0.0,0.0,0.0,0.0,0.0,1.0,-1.8880597014925373,0.09166666666666666,0.08602150537634405,-0.16666666666666669,16.666666666666668,9.0,0.0,0.0,0.0,0.0,False,True,False,False,False,False,False,False,False,False,False,False,False,False,False,False,False,False,False,False,False,False,False,False,False,True,False,False,False,False,False,False,False,False,False,False,False,False,False,False,False,False,False,False,False,False,False,False,False,False,False,False,False,False,False,False,False,False,False,False,False,False,False,False,False,False,False,False,False,False,False,False,False,False,False,False,True,False
0,0,0,0,0.0,-0.03484320557491289,0.11148086522462562,0.0,0.0,0.0,0.0,0.0,0.0,0.0,0.0,0.0,0.0,0.0,0.0,-0.040983606557377046,-0.06666666666666667,0.0,0.0,0.0,0.0,0.0,0.0,0.4,0.0,0.3541666666666667,0.07526881720430102,0.0,0.0,0.0,0.0,0.0,0.0,0.0,False,False,True,False,False,False,False,False,False,False,False,False,False,False,True,False,False,False,False,False,False,False,False,False,False,False,False,False,False,False,False,False,False,False,False,False,False,False,False,False,False,False,False,False,False,False,False,False,False,False,False,False,False,False,False,False,False,False,False,False,False,False,False,False,False,False,False,False,False,False,False,False,False,False,False,False,True,False
0,1,0,0,0.0,0.554006968641115,3.469217970049917,0.0,0.0,0.0,0.0,0.0,0.0,0.0,0.0,0.0,0.0,0.0,0.0,-0.040983606557377046,-0.2,0.0,0.0,0.0,0.0,0.0,0.0,0.0,-1.7313432835820894,0.3625,0.08602150537634405,-0.16666666666666669,1.3333333333333335,2.0,0.0,0.0,0.0,0.0,False,True,False,False,False,False,False,False,False,False,False,False,False,False,False,False,False,False,False,False,False,False,False,False,False,True,False,False,False,False,False,False,False,False,False,False,False,False,False,False,False,False,False,False,False,False,False,False,False,False,False,False,False,False,False,False,False,False,False,False,False,False,False,False,False,False,False,False,False,False,False,False,False,False,False,False,True,False
0,1,0,0,0.0,0.5888501742160279,14.264559068219635,0.0,0.0,0.0,0.0,0.0,0.0,0.0,0.0,0.0,0.0,0.0,0.0,-0.02459016393442623,0.06666666666666667,0.0,0.0,0.0,0.0,0.0,0.0,0.43,-1.544776119402985,0.3625,0.08602150537634405,-0.16666666666666669,0.6666666666666667,2.0,0.0,0.0,0.0,0.0,False,True,False,False,False,False,False,False,False,False,False,False,False,False,False,False,False,False,False,False,False,False,False,False,False,True,False,False,False,False,False,False,False,False,False,False,False,False,False,False,False,False,False,False,False,False,False,False,False,False,False,False,False,False,False,False,False,False,False,False,False,False,False,False,False,False,False,False,False,False,False,False,False,False,False,False,True,False
0,1,0,0,0.0,0.9790940766550522,0.324459234608985,0.0,0.0,0.0,0.0,0.0,0.0,0.0,0.0,0.0,0.0,0.0,0.0,-0.03278688524590164,0.7333333333333333,0.0,0.0,0.0,0.0,0.0,0.0,0.12,-1.1791044776119404,0.3458333333333333,0.08602150537634405,-0.16666666666666669,0.33333333333333337,4.0,0.0,0.0,0.0,0.0,False,True,False,False,False,False,False,False,False,False,False,False,False,False,False,False,False,False,False,False,False,False,False,False,False,True,False,False,False,False,False,False,False,False,False,False,False,False,False,False,False,False,False,False,False,False,False,False,False,False,False,False,False,False,False,False,False,False,False,False,False,False,False,False,False,False,False,False,False,False,False,False,False,False,False,False,True,False
0,1,0,0,0.0,0.6898954703832753,8.831946755407653,0.0,0.0,0.0,0.0,0.0,0.0,0.0,0.0,0.0,0.0,0.0,0.0,-0.02459016393442623,-0.06666666666666667,0.0,0.0,0.0,0.0,0.0,0.0,0.0,-1.5820895522388059,0.3625,0.08602150537634405,-0.16666666666666669,0.6666666666666667,2.0,0.0,0.0,0.0,0.0,False,True,False,False,False,False,False,False,False,False,False,False,False,False,False,False,False,False,False,False,False,False,False,False,False,True,False,False,False,False,False,False,False,False,False,False,False,False,False,False,False,False,False,False,False,False,False,False,False,False,False,False,False,False,False,False,False,False,False,False,False,False,False,False,False,False,False,False,False,False,False,False,False,False,False,False,True,False
0,0,0,0,0.0,-0.18815331010452963,-0.07653910149750416,0.0,0.0,0.0,0.0,0.0,0.0,0.0,0.0,0.0,0.0,0.0,0.0,2.1721311475409837,0.4666666666666667,0.0,0.0,4.0,14.285714285714285,-1.2666666666666666,1.0,0.0,0.0,-0.6458333333333334,-0.935483870967742,0.8333333333333333,0.0,0.0,0.0,0.0,2.7777777777777777,5.88235294117647,False,True,False,False,False,False,False,False,False,False,False,False,True,False,False,False,False,False,False,False,False,False,False,False,False,False,False,False,False,False,False,False,False,False,False,False,False,False,False,False,False,False,False,False,False,False,False,False,False,False,False,False,False,False,False,False,False,False,False,False,False,False,False,False,False,False,False,False,False,True,False,False,False,False,False,False,False,False
0,0,0,0,0.0,-0.027874564459930314,-0.004991680532445923,0.0,0.0,0.0,0.0,0.0,0.0,0.0,0.0,0.0,0.0,0.0,0.0,0.4426229508196721,3.7333333333333334,0.0,0.0,0.0,0.0,0.0,0.0,0.0,0.0,0.3625,0.08602150537634405,-0.16666666666666669,8.0,0.0,0.0,0.0,0.0,0.0,False,False,True,False,False,False,False,False,False,False,False,False,False,False,False,False,False,False,False,False,False,False,False,False,False,False,False,False,False,False,False,False,False,False,False,False,False,False,False,False,False,False,False,False,False,False,False,False,True,False,False,False,False,False,False,False,False,False,False,False,False,False,False,False,False,False,False,False,False,False,False,False,False,False,False,False,True,False
0,1,0,0,0.0,3.9094076655052263,0.5357737104825291,0.0,0.0,0.0,0.0,0.0,0.0,0.0,0.0,0.0,0.0,0.0,0.0,-0.05737704918032787,-0.3333333333333333,0.0,0.0,0.0,0.0,0.0,0.0,0.0,-0.9477611940298507,-0.004166666666666667,-0.3440860215053764,0.3333333333333333,0.33333333333333337,1.0,0.0,0.0,0.0,0.0,False,True,False,False,False,False,False,False,False,False,False,False,False,False,False,False,False,False,False,False,False,False,False,False,False,False,False,False,False,False,False,False,False,False,False,False,False,False,False,False,False,False,False,False,False,False,False,False,False,False,False,False,True,False,False,False,False,False,False,False,False,False,False,False,False,False,False,False,False,False,False,False,False,False,False,False,True,False
0,1,0,0,12931.0,3.867595818815331,267.3544093178037,0.0,0.0,0.0,0.0,611.0,1.0,2.0,684.0,0.0,0.0,3.0,0.0,-0.05737704918032787,-0.3333333333333333,0.0,0.0,0.0,0.0,0.0,0.0,0.0,-1.6865671641791045,-0.6791666666666667,-0.8064516129032259,1.5000000000000002,1.0,0.0,0.0,0.0,0.0,0.0,False,True,False,False,False,False,False,False,False,False,False,False,False,False,False,False,False,False,False,False,False,False,False,False,False,False,False,False,False,False,False,False,False,False,False,False,False,False,False,False,False,False,False,False,False,False,False,False,False,False,False,False,False,False,False,False,False,False,True,False,False,False,False,False,False,False,False,False,False,False,False,False,False,False,False,False,True,False
0,0,0,0,0.0,-0.1602787456445993,0.6672212978369384,0.0,0.0,0.0,0.0,0.0,0.0,0.0,0.0,0.0,0.0,0.0,0.0,-0.05737704918032787,-0.26666666666666666,0.0,0.0,0.0,0.0,0.0,0.0,1.0,-1.3507462686567164,-0.6583333333333333,-0.946236559139785,5.0,0.33333333333333337,20.0,0.01,0.0,0.0,0.0,False,True,False,False,False,False,False,False,False,False,False,False,False,False,False,False,False,False,False,False,True,False,False,False,False,False,False,False,False,False,False,False,False,False,False,False,False,False,False,False,False,False,False,False,False,False,False,False,False,False,False,False,False,False,False,False,False,False,False,False,False,False,False,False,False,False,False,False,False,False,False,False,False,False,False,False,True,False
0,1,0,0,0.0,0.9059233449477352,0.3643926788685524,0.0,0.0,0.0,0.0,0.0,0.0,0.0,0.0,0.0,0.0,0.0,0.0,0.04918032786885246,0.6,0.0,0.0,0.0,0.0,0.0,0.0,0.13,-1.6940298507462686,0.3625,0.08602150537634405,-0.16666666666666669,1.3333333333333335,1.0,0.04,0.0,0.0,0.0,False,True,False,False,False,False,False,False,False,False,False,False,False,False,False,False,False,False,False,False,False,False,False,False,False,True,False,False,False,False,False,False,False,False,False,False,False,False,False,False,False,False,False,False,False,False,False,False,False,False,False,False,False,False,False,False,False,False,False,False,False,False,False,False,False,False,False,False,False,False,False,False,False,False,False,False,True,False
0,1,0,0,0.0,-0.18815331010452963,0.06156405990016639,0.0,0.0,0.0,0.0,0.0,0.0,0.0,0.0,0.0,0.0,0.0,0.0,-0.05737704918032787,-0.3333333333333333,0.0,0.0,0.0,0.0,0.0,0.0,0.0,-1.0820895522388059,-0.5958333333333333,-0.7419354838709679,2.0000000000000004,0.33333333333333337,0.0,0.0,0.0,0.0,0.0,False,True,False,False,False,False,False,False,False,False,False,False,False,False,False,False,False,False,False,False,False,False,False,False,False,False,False,False,False,False,False,False,False,False,False,False,False,False,False,False,False,False,False,False,False,False,False,False,False,False,False,False,True,False,False,False,False,False,False,False,False,False,False,False,False,False,False,False,False,False,False,False,False,False,False,False,True,False
0,1,0,0,0.0,0.5574912891986062,7.19134775374376,0.0,0.0,0.0,0.0,0.0,0.0,0.0,0.0,0.0,0.0,0.0,0.0,-0.05737704918032787,-0.3333333333333333,0.0,0.0,0.0,0.0,0.0,0.0,0.0,0.0,0.3625,0.08602150537634405,-0.16666666666666669,0.0,0.0,0.0,0.0,0.0,0.0,False,True,False,False,False,False,False,False,False,False,False,False,False,False,False,False,False,False,False,False,False,False,False,False,False,True,False,False,False,False,False,False,False,False,False,False,False,False,False,False,False,False,False,False,False,False,False,False,False,False,False,False,False,False,False,False,False,False,False,False,False,False,False,False,False,False,False,False,False,False,False,False,False,False,False,False,True,False
0,1,0,0,0.0,0.7317073170731707,4.05324459234609,0.0,0.0,0.0,0.0,0.0,0.0,0.0,0.0,0.0,0.0,0.0,0.0,-0.040983606557377046,-0.2,0.0,0.0,0.0,0.0,0.0,0.0,0.0,-1.537313432835821,0.3625,0.08602150537634405,-0.16666666666666669,0.6666666666666667,3.0,0.0,0.0,0.0,0.0,False,True,False,False,False,False,False,False,False,False,False,False,False,False,False,False,False,False,False,False,False,False,False,False,False,True,False,False,False,False,False,False,False,False,False,False,False,False,False,False,False,False,False,False,False,False,False,False,False,False,False,False,False,False,False,False,False,False,False,False,False,False,False,False,False,False,False,False,False,False,False,False,False,False,False,False,True,False
0,1,0,0,0.0,0.6655052264808362,11.973377703826955,0.0,0.0,0.0,0.0,0.0,0.0,0.0,0.0,0.0,0.0,0.0,0.0,-0.00819672131147541,0.06666666666666667,0.0,0.0,0.0,0.0,0.0,0.0,0.0,-1.7238805970149254,0.3625,0.08602150537634405,-0.16666666666666669,1.3333333333333335,5.0,0.0,0.0,0.0,0.0,False,True,False,False,False,False,False,False,False,False,False,False,False,False,False,False,False,False,False,False,False,False,False,False,False,True,False,False,False,False,False,False,False,False,False,False,False,False,False,False,False,False,False,False,False,False,False,False,False,False,False,False,False,False,False,False,False,False,False,False,False,False,False,False,False,False,False,False,False,False,False,False,False,False,False,False,True,False
0,1,0,0,0.0,0.7770034843205574,8.189683860232945,0.0,0.0,0.0,0.0,0.0,0.0,0.0,0.0,0.0,0.0,0.0,0.0,0.040983606557377046,0.4666666666666667,0.0,0.0,0.0,0.0,0.0,0.0,0.0,-1.8059701492537314,0.3625,0.08602150537634405,-0.16666666666666669,2.666666666666667,1.0,0.0,0.0,0.0,0.0,False,True,False,False,False,False,False,False,False,False,False,False,False,False,False,False,False,False,False,False,False,False,False,False,False,True,False,False,False,False,False,False,False,False,False,False,False,False,False,False,False,False,False,False,False,False,False,False,False,False,False,False,False,False,False,False,False,False,False,False,False,False,False,False,False,False,False,False,False,False,False,False,False,False,False,False,True,False
0,1,0,0,0.0,0.8501742160278746,3.9916805324459235,0.0,0.0,0.0,0.0,0.0,0.0,0.0,0.0,0.0,0.0,0.0,0.0,-0.02459016393442623,1.8666666666666667,0.0,0.0,0.0,0.0,0.0,0.0,0.15,0.0,0.3625,0.08602150537634405,-0.16666666666666669,0.0,0.0,0.0,0.0,0.0,0.0,False,True,False,False,False,False,False,False,False,False,False,False,False,False,False,False,False,False,False,False,False,False,False,False,False,True,False,False,False,False,False,False,False,False,False,False,False,False,False,False,False,False,False,False,False,False,False,False,False,False,False,False,False,False,False,False,False,False,False,False,False,False,False,False,False,False,False,False,False,False,False,False,False,False,False,False,True,False
0,1,0,0,0.0,0.6062717770034843,9.627287853577371,0.0,0.0,0.0,0.0,0.0,0.0,0.0,0.0,0.0,0.0,0.0,0.0,-0.040983606557377046,-0.13333333333333333,0.0,0.0,0.0,0.0,0.0,0.0,0.5,-0.917910447761194,0.3625,0.08602150537634405,-0.16666666666666669,0.33333333333333337,2.0,0.0,0.0,0.0,0.0,False,True,False,False,False,False,False,False,False,False,False,False,False,False,False,False,False,False,False,False,False,False,False,False,False,True,False,False,False,False,False,False,False,False,False,False,False,False,False,False,False,False,False,False,False,False,False,False,False,False,False,False,False,False,False,False,False,False,False,False,False,False,False,False,False,False,False,False,False,False,False,False,False,False,False,False,True,False
0,1,0,0,0.0,0.9930313588850174,0.5823627287853578,0.0,0.0,0.0,0.0,0.0,0.0,0.0,0.0,0.0,0.0,0.0,0.0,0.02459016393442623,0.3333333333333333,0.0,0.0,0.0,0.0,0.0,0.0,0.0,0.0,0.3625,0.08602150537634405,-0.16666666666666669,0.0,0.0,0.0,0.0,0.0,0.0,False,True,False,False,False,False,False,False,False,False,False,False,False,False,False,False,False,False,False,False,False,False,False,False,False,True,False,False,False,False,False,False,False,False,False,False,False,False,False,False,False,False,False,False,False,False,False,False,False,False,False,False,False,False,False,False,False,False,False,False,False,False,False,False,False,False,False,False,False,False,False,False,False,False,False,False,True,False
0,1,0,0,54451.0,0.12195121951219512,5.211314475873544,0.0,0.0,0.0,0.0,0.0,0.0,0.0,0.0,0.0,0.0,0.0,0.0,-0.05737704918032787,-0.3333333333333333,0.0,0.0,0.0,0.0,0.0,0.0,0.0,-1.5522388059701493,-0.65,-0.7419354838709679,1.3333333333333335,0.6666666666666667,17.0,0.0,0.0,0.0,0.0,False,True,False,False,False,False,False,False,False,False,False,False,False,False,False,False,False,False,False,False,False,False,False,False,False,False,False,False,False,False,False,False,False,False,False,False,False,False,False,False,False,False,False,False,False,False,False,False,False,False,False,False,False,False,False,False,False,False,True,False,False,False,False,False,False,False,False,False,False,False,False,False,False,False,False,False,True,False
0,0,0,0,0.0,2.3832752613240418,-0.07653910149750416,0.0,0.0,0.0,0.0,0.0,0.0,0.0,0.0,0.0,0.0,0.0,0.0,-0.04918032786885246,-0.26666666666666666,0.0,0.0,0.0,0.0,0.0,0.0,0.0,-0.6343283582089553,-0.5166666666666667,-0.7096774193548387,0.16666666666666669,8.666666666666668,0.0,0.01,0.0,0.05555555555555556,0.0,False,True,False,False,False,False,False,False,False,False,False,False,False,False,False,False,False,False,False,False,False,False,True,False,False,False,False,False,False,False,False,False,False,False,False,False,False,False,False,False,False,False,False,False,False,False,False,False,False,False,False,False,False,False,False,False,False,False,False,False,False,False,False,False,False,False,False,False,False,False,False,False,False,False,False,False,True,False
0,0,0,0,0.0,2.836236933797909,-0.07653910149750416,0.0,0.0,0.0,0.0,0.0,0.0,0.0,0.0,0.0,0.0,0.0,0.0,-0.05737704918032787,-0.3333333333333333,0.0,0.0,0.0,0.0,0.0,0.0,0.0,-1.8955223880597014,-0.6041666666666666,0.08602150537634405,-0.16666666666666669,33.333333333333336,9.0,0.0,0.0,0.0,0.0,False,True,False,False,False,False,False,False,False,False,False,False,False,False,False,False,False,False,False,False,False,False,True,False,False,False,False,False,False,False,False,False,False,False,False,False,False,False,False,False,False,False,False,False,False,False,False,False,False,False,False,False,False,False,False,False,False,False,False,False,False,False,False,False,False,False,False,False,False,False,False,False,False,False,False,False,True,False
0,1,0,0,0.0,0.627177700348432,1.6139767054908485,0.0,0.0,0.0,0.0,0.0,0.0,0.0,0.0,0.0,0.0,0.0,0.0,0.08196721311475409,1.0666666666666667,0.0,0.0,0.0,0.0,0.0,0.0,0.18,0.0,0.3625,0.08602150537634405,-0.16666666666666669,0.0,0.0,0.0,0.0,0.0,0.0,False,True,False,False,False,False,False,False,False,False,False,False,False,False,False,False,False,False,False,False,False,False,False,False,False,True,False,False,False,False,False,False,False,False,False,False,False,False,False,False,False,False,False,False,False,False,False,False,False,False,False,False,False,False,False,False,False,False,False,False,False,False,False,False,False,False,False,False,False,False,False,False,False,False,False,False,True,False
0,1,0,0,1.0,3.0313588850174216,0.3876871880199667,0.0,0.0,0.0,0.0,0.0,0.0,0.0,0.0,0.0,0.0,0.0,0.0,-0.05737704918032787,-0.26666666666666666,0.0,0.0,0.0,0.0,0.0,0.0,1.0,0.0,0.008333333333333333,-0.2688172043010753,0.16666666666666669,0.0,0.0,0.0,0.0,0.05555555555555556,0.1764705882352941,False,True,False,False,False,False,False,False,False,False,False,False,False,False,False,False,False,False,False,False,False,False,False,False,False,False,False,False,False,False,False,False,False,False,False,False,False,False,False,False,False,False,False,False,False,False,False,False,False,False,False,False,True,False,False,False,False,False,False,False,False,False,False,False,False,False,False,False,False,False,False,False,False,False,False,False,True,False
0,1,0,0,0.0,1.0662020905923344,1.675540765391015,0.0,0.0,0.0,0.0,0.0,0.0,0.0,0.0,0.0,0.0,0.0,0.0,0.09016393442622951,1.1333333333333333,0.05,0.04,0.0,0.0,0.0,0.0,0.09,0.0,0.3625,0.08602150537634405,-0.16666666666666669,0.0,0.0,0.01,0.01,0.0,0.0,False,True,False,False,False,False,False,False,False,False,False,False,False,False,False,False,False,False,False,False,False,False,False,False,False,True,False,False,False,False,False,False,False,False,False,False,False,False,False,False,False,False,False,False,False,False,False,False,False,False,False,False,False,False,False,False,False,False,False,False,False,False,False,False,False,False,False,False,False,False,False,False,False,False,False,False,True,False
0,1,0,0,0.0,0.7735191637630662,0.9351081530782029,0.0,0.0,0.0,0.0,0.0,0.0,0.0,0.0,0.0,0.0,0.0,0.0,-0.01639344262295082,0.0,0.0,0.0,0.0,0.0,0.0,0.0,0.0,-1.3656716417910448,0.3625,0.08602150537634405,-0.16666666666666669,0.33333333333333337,2.0,0.0,0.0,0.0,0.0,False,True,False,False,False,False,False,False,False,False,False,False,False,False,False,False,False,False,False,False,False,False,False,False,False,True,False,False,False,False,False,False,False,False,False,False,False,False,False,False,False,False,False,False,False,False,False,False,False,False,False,False,False,False,False,False,False,False,False,False,False,False,False,False,False,False,False,False,False,False,False,False,False,False,False,False,True,False
0,1,0,0,0.0,0.8292682926829268,6.950083194675541,0.0,0.0,0.0,0.0,0.0,0.0,0.0,0.0,0.0,0.0,0.0,0.0,0.1557377049180328,1.4,0.0,0.0,0.0,0.0,0.0,0.0,0.0,0.0,0.3625,0.08602150537634405,-0.16666666666666669,0.0,0.0,0.01,0.01,0.0,0.0,False,True,False,False,False,False,False,False,False,False,False,False,False,False,False,False,False,False,False,False,False,False,False,False,False,True,False,False,False,False,False,False,False,False,False,False,False,False,False,False,False,False,False,False,False,False,False,False,False,False,False,False,False,False,False,False,False,False,False,False,False,False,False,False,False,False,False,False,False,False,False,False,False,False,False,False,True,False
0,1,0,0,0.0,1.0104529616724738,11.86522462562396,0.0,0.0,0.0,0.0,0.0,0.0,0.0,0.0,0.0,0.0,0.0,0.0,-0.02459016393442623,-0.06666666666666667,0.0,0.0,0.0,0.0,0.0,0.0,0.0,0.0,0.3625,0.08602150537634405,-0.16666666666666669,0.0,0.0,0.0,0.0,0.0,0.0,False,True,False,False,False,False,False,False,False,False,False,False,False,False,False,False,False,False,False,False,False,False,False,False,False,True,False,False,False,False,False,False,False,False,False,False,False,False,False,False,False,False,False,False,False,False,False,False,False,False,False,False,False,False,False,False,False,False,False,False,False,False,False,False,False,False,False,False,False,False,False,False,False,False,False,False,True,False
0,0,0,0,0.0,-0.003484320557491289,0.013311148086522463,0.0,0.0,0.0,0.0,0.0,0.0,0.0,0.0,0.0,0.0,0.0,0.0,4.098360655737705,33.46666666666667,0.0,0.0,0.0,0.0,0.0,0.0,0.0,0.0,0.3625,0.08602150537634405,-0.16666666666666669,27.333333333333332,0.0,0.0,0.0,0.0,0.0,False,False,True,False,False,False,False,False,False,False,False,False,False,False,False,False,False,False,False,False,False,False,False,False,False,False,False,False,False,False,False,False,False,False,False,False,False,False,False,False,False,False,False,False,False,False,False,False,True,False,False,False,False,False,False,False,False,False,False,False,False,False,False,False,False,False,False,False,False,False,False,False,False,False,False,False,True,False
0,1,0,0,0.0,0.8606271777003485,10.048252911813645,0.0,0.0,0.0,0.0,0.0,0.0,0.0,0.0,0.0,0.0,0.0,0.0,0.04918032786885246,0.6,0.0,0.0,0.0,0.0,0.0,0.0,0.13,-1.007462686567164,0.3625,0.08602150537634405,-0.16666666666666669,0.33333333333333337,1.0,0.0,0.0,0.0,0.0,False,True,False,False,False,False,False,False,False,False,False,False,False,False,False,False,False,False,False,False,False,False,False,False,False,True,False,False,False,False,False,False,False,False,False,False,False,False,False,False,False,False,False,False,False,False,False,False,False,False,False,False,False,False,False,False,False,False,False,False,False,False,False,False,False,False,False,False,False,False,False,False,False,False,False,False,True,False
0,1,0,0,0.0,0.3797909407665505,20.232945091514143,0.0,0.0,0.0,0.0,0.0,0.0,0.0,0.0,0.0,0.0,0.0,0.0,-0.05737704918032787,-0.3333333333333333,0.0,0.0,0.0,0.0,0.0,0.0,0.0,-1.8955223880597014,0.3625,0.08602150537634405,-0.16666666666666669,33.333333333333336,3.0,0.0,0.0,0.0,0.0,False,True,False,False,False,False,False,False,False,False,False,False,False,False,False,False,False,False,False,False,False,False,False,False,False,True,False,False,False,False,False,False,False,False,False,False,False,False,False,False,False,False,False,False,False,False,False,False,False,False,False,False,False,False,False,False,False,False,False,False,False,False,False,False,False,False,False,False,False,False,False,False,False,False,False,False,True,False
0,0,0,0,0.0,-0.03484320557491289,0.13810316139767054,0.0,0.0,0.0,0.0,0.0,0.0,0.0,0.0,0.0,0.0,0.0,0.0,0.6475409836065574,10.733333333333333,0.0,0.0,0.0,0.0,0.0,0.0,0.01,0.0,0.3625,0.08602150537634405,-0.16666666666666669,0.0,0.0,0.0,0.0,0.0,0.0,False,False,True,False,False,False,False,False,False,False,False,False,False,False,True,False,False,False,False,False,False,False,False,False,False,False,False,False,False,False,False,False,False,False,False,False,False,False,False,False,False,False,False,False,False,False,False,False,False,False,False,False,False,False,False,False,False,False,False,False,False,False,False,False,False,False,False,False,False,False,False,False,False,False,False,False,True,False
0,1,0,0,0.0,4.7874564459930316,0.39933444259567386,0.0,0.0,0.0,0.0,0.0,0.0,0.0,0.0,0.0,0.0,0.0,0.0,-0.05737704918032787,-0.3333333333333333,0.0,0.0,0.0,0.0,0.0,0.0,0.0,-0.5970149253731343,-0.3125,-0.7204301075268819,0.3333333333333333,0.33333333333333337,2.0,0.0,0.0,0.0,0.058823529411764705,False,True,False,False,False,False,False,False,False,False,False,False,False,False,False,False,False,False,False,False,False,False,False,False,False,False,False,False,False,False,False,False,False,False,False,False,False,False,False,False,False,False,False,False,False,False,False,False,False,False,False,False,True,False,False,False,False,False,False,False,False,False,False,False,False,False,False,False,False,False,False,False,False,False,False,False,True,False
0,1,0,0,0.0,0.710801393728223,3.262895174708819,0.0,0.0,0.0,0.0,0.0,0.0,0.0,0.0,0.0,0.0,0.0,0.0,0.01639344262295082,0.26666666666666666,0.0,0.0,0.0,0.0,0.0,0.0,0.0,-1.373134328358209,0.3625,0.08602150537634405,-0.16666666666666669,0.33333333333333337,3.0,0.0,0.0,0.0,0.0,False,True,False,False,False,False,False,False,False,False,False,False,False,False,False,False,False,False,False,False,False,False,False,False,False,True,False,False,False,False,False,False,False,False,False,False,False,False,False,False,False,False,False,False,False,False,False,False,False,False,False,False,False,False,False,False,False,False,False,False,False,False,False,False,False,False,False,False,False,False,False,False,False,False,False,False,True,False
0,1,0,0,0.0,0.5574912891986062,12.381031613976706,0.0,0.0,0.0,0.0,0.0,0.0,0.0,0.0,0.0,0.0,0.0,0.0,-0.02459016393442623,-0.06666666666666667,0.0,0.0,0.0,0.0,0.0,0.0,0.0,-1.8059701492537314,0.3458333333333333,0.08602150537634405,-0.16666666666666669,2.666666666666667,3.0,0.0,0.0,0.0,0.0,False,True,False,False,False,False,False,False,False,False,False,False,False,False,False,False,False,False,False,False,False,False,False,False,False,True,False,False,False,False,False,False,False,False,False,False,False,False,False,False,False,False,False,False,False,False,False,False,False,False,False,False,False,False,False,False,False,False,False,False,False,False,False,False,False,False,False,False,False,False,False,False,False,False,False,False,True,False
0,1,0,0,0.0,0.7874564459930313,0.4276206322795341,0.0,0.0,0.0,0.0,0.0,0.0,0.0,0.0,0.0,0.0,0.0,0.0,-0.04918032786885246,-0.26666666666666666,0.0,0.0,0.0,0.0,0.0,0.0,0.0,0.0,0.3416666666666667,0.06451612903225801,0.0,0.0,0.0,0.0,0.0,0.0,0.0,False,True,False,False,False,False,False,False,False,False,False,False,False,False,False,False,False,False,False,False,False,False,False,False,False,True,False,False,False,False,False,False,False,False,False,False,False,False,False,False,False,False,False,False,False,False,False,False,False,False,False,False,False,False,False,False,False,False,False,False,False,False,False,False,False,False,False,False,False,False,False,False,False,False,False,False,True,False
0,0,0,0,0.0,-0.08710801393728224,-0.07653910149750416,0.0,0.0,0.0,0.0,0.0,0.0,0.0,0.0,0.0,0.0,0.0,0.0,-0.05737704918032787,-0.26666666666666666,0.0,0.0,0.0,0.0,0.0,0.0,1.0,-0.5223880597014925,-0.6041666666666666,-0.860215053763441,0.3333333333333333,4.0,0.0,0.0,0.0,0.0,0.0,False,False,True,False,False,False,False,False,False,False,False,False,False,False,True,False,False,False,False,False,False,False,False,False,False,False,False,False,False,False,False,False,False,False,False,False,False,False,False,False,False,False,False,False,False,False,False,False,False,False,False,False,False,False,False,False,False,False,False,False,False,False,False,False,False,False,False,False,False,False,False,False,False,False,False,False,True,False
0,1,0,0,0.0,0.5609756097560976,0.2079866888519135,0.0,0.0,0.0,0.0,0.0,0.0,0.0,0.0,0.0,0.0,0.0,0.0,0.03278688524590164,0.4,0.0,0.0,0.0,0.0,0.0,0.0,0.0,-1.1865671641791045,0.3625,0.08602150537634405,-0.16666666666666669,0.33333333333333337,6.0,0.0,0.0,0.0,0.0,False,True,False,False,False,False,False,False,False,False,False,False,False,False,False,False,False,False,False,False,False,False,False,False,False,True,False,False,False,False,False,False,False,False,False,False,False,False,False,False,False,False,False,False,False,False,False,False,False,False,False,False,False,False,False,False,False,False,False,False,False,False,False,False,False,False,False,False,False,False,False,False,False,False,False,False,True,False
0,0,0,0,0.0,-0.003484320557491289,0.011647254575707155,0.0,0.0,0.0,0.0,0.0,0.0,0.0,0.0,0.0,0.0,0.0,0.0,2.278688524590164,18.666666666666668,0.0,0.0,0.0,0.0,0.0,0.0,0.0,0.0,0.3625,0.08602150537634405,-0.16666666666666669,28.666666666666668,0.0,0.0,0.0,0.0,0.0,False,False,True,False,False,False,False,False,False,False,False,False,False,False,False,False,False,False,False,False,False,False,False,False,False,False,False,False,False,False,False,False,False,False,False,False,False,False,False,False,False,False,False,False,False,False,False,False,True,False,False,False,False,False,False,False,False,False,False,False,False,False,False,False,False,False,False,False,False,False,False,False,False,False,False,False,True,False
0,1,0,0,0.0,0.9860627177700348,1.4409317803660566,0.0,0.0,0.0,0.0,0.0,0.0,0.0,0.0,0.0,0.0,0.0,0.0,0.06557377049180328,1.4666666666666666,0.0,0.0,0.0,0.0,0.0,0.0,0.07,-1.544776119402985,0.3625,0.08602150537634405,-0.16666666666666669,0.6666666666666667,1.0,0.0,0.0,0.0,0.0,False,True,False,False,False,False,False,False,False,False,False,False,False,False,False,False,False,False,False,False,False,False,False,False,False,True,False,False,False,False,False,False,False,False,False,False,False,False,False,False,False,False,False,False,False,False,False,False,False,False,False,False,False,False,False,False,False,False,False,False,False,False,False,False,False,False,False,False,False,False,False,False,False,False,False,False,True,False
0,1,0,0,0.0,0.7456445993031359,26.866888519134775,0.0,0.0,0.0,0.0,0.0,0.0,0.0,0.0,0.0,0.0,0.0,0.0,-0.03278688524590164,-0.13333333333333333,0.0,0.0,0.0,0.0,0.0,0.0,0.0,-1.5223880597014925,0.3625,0.08602150537634405,-0.16666666666666669,0.6666666666666667,2.0,0.0,0.0,0.0,0.0,False,True,False,False,False,False,False,False,False,False,False,False,False,False,False,False,False,False,False,False,False,False,False,False,False,True,False,False,False,False,False,False,False,False,False,False,False,False,False,False,False,False,False,False,False,False,False,False,False,False,False,False,False,False,False,False,False,False,False,False,False,False,False,False,False,False,False,False,False,False,False,False,False,False,False,False,True,False
0,1,0,0,805.0,267.9094076655052,-0.07487520798668885,0.0,0.0,0.0,0.0,0.0,0.0,0.0,0.0,0.0,0.0,0.0,0.0,0.03278688524590164,0.4,0.0,0.0,4.0,14.285714285714285,0.0,0.0,0.0,-0.1044776119402985,0.2916666666666667,0.07526881720430102,0.0,0.0,0.0,0.0,0.0,0.19444444444444448,0.411764705882353,False,True,False,False,False,False,False,False,False,False,False,False,False,False,False,False,False,False,False,False,False,False,False,False,False,True,False,False,False,False,False,False,False,False,False,False,False,False,False,False,False,False,False,False,False,False,False,False,False,False,False,False,False,False,False,False,False,False,False,False,False,False,False,False,False,False,False,False,False,False,False,True,False,False,False,False,False,False
0,0,0,0,0.0,307.7630662020906,-0.07653910149750416,0.0,0.0,0.0,0.0,0.0,0.0,0.0,0.0,0.0,0.0,0.0,0.0,0.05737704918032787,0.6,0.0,0.0,0.0,0.0,0.0,0.0,0.0,-0.3880597014925373,-0.225,-0.5806451612903226,0.0,12.666666666666668,2.0,0.0,0.0,0.0,0.0,False,True,False,False,False,False,False,False,False,False,False,False,False,False,False,False,False,False,False,False,False,False,True,False,False,False,False,False,False,False,False,False,False,False,False,False,False,False,False,False,False,False,False,False,False,False,False,False,False,False,False,False,False,False,False,False,False,False,False,False,False,False,False,False,False,False,False,False,False,False,False,False,False,False,False,False,True,False
0,1,0,0,0.0,0.5853658536585366,1.2995008319467554,0.0,0.0,0.0,0.0,0.0,0.0,0.0,0.0,0.0,0.0,0.0,0.0,-0.00819672131147541,0.06666666666666667,0.0,0.0,0.0,0.0,0.0,0.0,0.0,-1.6194029850746268,0.3625,0.08602150537634405,-0.16666666666666669,1.0,4.0,0.0,0.0,0.0,0.0,False,True,False,False,False,False,False,False,False,False,False,False,False,False,False,False,False,False,False,False,False,False,False,False,False,True,False,False,False,False,False,False,False,False,False,False,False,False,False,False,False,False,False,False,False,False,False,False,False,False,False,False,False,False,False,False,False,False,False,False,False,False,False,False,False,False,False,False,False,False,False,False,False,False,False,False,True,False
0,1,0,0,0.0,0.9024390243902439,14.1630615640599,0.0,0.0,0.0,0.0,0.0,0.0,0.0,0.0,0.0,0.0,0.0,0.0,0.0,0.8666666666666667,0.0,0.0,0.0,0.0,0.0,0.0,0.26,-1.3656716417910448,0.3625,0.08602150537634405,-0.16666666666666669,0.33333333333333337,4.0,0.0,0.0,0.0,0.0,False,True,False,False,False,False,False,False,False,False,False,False,False,False,False,False,False,False,False,False,False,False,False,False,False,True,False,False,False,False,False,False,False,False,False,False,False,False,False,False,False,False,False,False,False,False,False,False,False,False,False,False,False,False,False,False,False,False,False,False,False,False,False,False,False,False,False,False,False,False,False,False,False,False,False,False,True,False
0,1,0,0,1.0,4.606271777003484,0.49417637271214643,0.0,0.0,0.0,0.0,0.0,0.0,0.0,0.0,0.0,0.0,0.0,0.0,-0.05737704918032787,-0.26666666666666666,0.0,0.0,0.0,0.0,0.0,0.0,1.0,-1.1865671641791045,-0.42916666666666664,-0.25806451612903225,0.5,0.33333333333333337,0.0,0.0,0.0,0.0,0.0,False,True,False,False,False,False,False,False,False,False,False,False,False,False,False,False,False,False,False,False,False,False,False,False,False,False,False,False,False,False,False,False,False,False,False,False,False,False,False,False,False,False,False,False,False,False,False,False,False,False,False,False,True,False,False,False,False,False,False,False,False,False,False,False,False,False,False,False,False,False,False,False,False,False,False,False,True,False
0,1,0,0,0.0,0.975609756097561,0.3826955074875208,0.0,0.0,0.0,0.0,0.0,0.0,0.0,0.0,0.0,0.0,0.0,0.0,-0.040983606557377046,-0.2,0.0,0.0,0.0,0.0,0.0,0.0,0.0,0.0,0.32083333333333336,0.04301075268817196,0.0,0.0,0.0,0.0,0.0,0.0,0.0,False,True,False,False,False,False,False,False,False,False,False,False,False,False,False,False,False,False,False,False,False,False,False,False,False,True,False,False,False,False,False,False,False,False,False,False,False,False,False,False,False,False,False,False,False,False,False,False,False,False,False,False,False,False,False,False,False,False,False,False,False,False,False,False,False,False,False,False,False,False,False,False,False,False,False,False,True,False
0,0,0,0,0.0,0.17770034843205576,0.16472545757071547,0.0,0.0,0.0,0.0,0.0,0.0,0.0,0.0,0.0,0.0,0.0,0.0,-0.05737704918032787,-0.3333333333333333,0.0,0.0,0.0,0.0,0.0,0.0,0.0,0.0,0.35833333333333334,0.08602150537634405,0.0,0.33333333333333337,0.0,0.0,0.0,0.0,0.0,False,False,True,False,False,False,False,False,False,False,False,False,False,False,False,False,False,False,False,False,False,False,False,False,False,False,False,False,False,False,False,False,False,False,False,False,False,False,False,False,False,False,False,False,False,False,False,False,True,False,False,False,False,False,False,False,False,False,False,False,False,False,False,False,False,False,False,False,False,False,False,False,False,False,False,False,True,False
0,1,0,0,0.0,0.627177700348432,1.2096505823627288,0.0,0.0,0.0,0.0,0.0,0.0,0.0,0.0,0.0,0.0,0.0,0.0,0.2459016393442623,2.1333333333333333,0.0,0.0,0.0,0.0,0.0,0.0,0.0,0.0,0.3625,0.08602150537634405,-0.16666666666666669,0.0,0.0,0.0,0.0,0.0,0.0,False,True,False,False,False,False,False,False,False,False,False,False,False,False,False,False,False,False,False,False,False,False,False,False,False,True,False,False,False,False,False,False,False,False,False,False,False,False,False,False,False,False,False,False,False,False,False,False,False,False,False,False,False,False,False,False,False,False,False,False,False,False,False,False,False,False,False,False,False,False,False,False,False,False,False,False,True,False
